yr,age_18.0,age_19.0,age_20.0,age_21.0,age_22.0,age_23.0,age_24.0,age_25.0,age_26.0,age_27.0,age_28.0,age_29.0,age_30.0,age_31.0,age_32.0,age_33.0,age_34.0,age_35.0,age_36.0,age_37.0,age_38.0,age_39.0,age_40.0,age_41.0,age_42.0,age_43.0,age_44.0,age_45.0,age_46.0,age_47.0,age_48.0,age_49.0,age_50.0,age_51.0,age_52.0,age_53.0,age_54.0,age_55.0,age_56.0,age_57.0,age_58.0,age_59.0,age_60.0,age_61.0,age_62.0,age_63.0,age_64.0,age_65.0,age_66.0,age_67.0,age_68.0,age_69.0,age_70.0,age_71.0,age_72.0,age_73.0,age_74.0,age_75.0,age_76.0,age_77.0,age_78.0,age_79.0,age_80.0,age_81.0,age_82.0,age_83.0,age_84.0,age_85.0,age_86.0,age_87.0,age_88.0,age_89.0,age_90.0,age_91.0,age_92.0,age_93.0,age_94.0,age_95.0,age_96.0,age_97.0,age_98.0,age_99.0,arealive_rec_Big/Small City,arealive_rec_DK/REF,arealive_rec_Suburb of Big/Small City,arealive_rec_Town/Rural Area,econ1_DK,econ1_Excellent,econ1_Fair,econ1_Good,econ1_Poor,econ1_REF,econ2_DK,econ2_Getting Better,econ2_Getting Worse,econ2_REF,econ2_Same (VOL),econ_v_envt_DK,"econ_v_envt_Economic Growth Priority, even if enviornment suffers to some extent",econ_v_envt_Equal Priority (VOL),"econ_v_envt_Protect Environment, even at risk of curbing economic growth",econ_v_envt_REF,educ_College Grad only,educ_DK/REF,educ_HS or Less,educ_Post-grad,educ_Some college,emph_coal_DK,emph_coal_Less emphasis,emph_coal_More emphasis,emph_coal_REF,emph_coal_Same as now,emph_ngas_DK,emph_ngas_Less emphasis,emph_ngas_More emphasis,emph_ngas_REF,emph_ngas_Same as now,emph_nuclear_DK,emph_nuclear_Less emphasis,emph_nuclear_More emphasis,emph_nuclear_REF,emph_nuclear_Same as now,emph_oil_DK,emph_oil_Less emphasis,emph_oil_More emphasis,emph_oil_REF,emph_oil_Same as now,emph_solar_DK,emph_solar_Less emphasis,emph_solar_More emphasis,emph_solar_REF,emph_solar_Same as now,emph_wind_DK,emph_wind_Less emphasis,emph_wind_More emphasis,emph_wind_REF,emph_wind_Same as now,energy_shortage_Already Facing One (VOL),energy_shortage_DK,"energy_shortage_No, is not",energy_shortage_REF,"energy_shortage_Yes, is",energyserious_DK,energyserious_Fairly serious,energyserious_Not at all serious,energyserious_REF,energyserious_Very serious,engy_v_envt_Both Equally (VOL),engy_v_envt_DK,engy_v_envt_Developing Energy Supplies Given Priority,engy_v_envt_Neither/Other (VOL),"engy_v_envt_Protect Enviornment, even at risk of limiting energy supplies",engy_v_envt_REF,envdone_petition_DK,"envdone_petition_No, Have Not Done",envdone_petition_REF,"envdone_petition_Yes, Have Done",envdone_reduce_DK,"envdone_reduce_No, have not done",envdone_reduce_REF,envdone_reduce_Yes have done,envdone_stocks_DK,"envdone_stocks_No, Have Not Done",envdone_stocks_REF,"envdone_stocks_Yes, Have Done",envdone_vote_DK,"envdone_vote_No, have not done",envdone_vote_REF,envdone_vote_Yes have done,environmentalist_DK,environmentalist_No,environmentalist_REF,environmentalist_Yes,envt1_DK,envt1_Excellent,envt1_Good,envt1_Only Fair,envt1_Poor,envt1_REF,envt2_DK,envt2_Getting Better,envt2_Getting Worse,envt2_REF,envt2_Same (VOL),envtrust_congress_A great deal,envtrust_congress_A moderate amount,envtrust_congress_DK,envtrust_congress_Not much,envtrust_congress_Nothing at all,envtrust_congress_REF,envtrust_dems_A great deal,envtrust_dems_A moderate amount,envtrust_dems_DK,envtrust_dems_Not much,envtrust_dems_Nothing at all,envtrust_dems_REF,envtrust_reps_A great deal,envtrust_reps_A moderate amount,envtrust_reps_DK,envtrust_reps_Not much,envtrust_reps_Nothing at all,envtrust_reps_REF,envworry_radioactivity_A fair amount,envworry_radioactivity_A great deal,envworry_radioactivity_DK,envworry_radioactivity_Not at all,envworry_radioactivity_Only a little,envworry_toxicwst_A fair amount,envworry_toxicwst_A great deal,envworry_toxicwst_DK,envworry_toxicwst_Not at all,envworry_toxicwst_Only a little,envworry_toxicwst_REF,fav_altfuel_DK,fav_altfuel_Favor,fav_altfuel_Oppose,fav_altfuel_REF,fav_coal_DK,fav_coal_Favor,fav_coal_Oppose,fav_coal_REF,fav_engylimits_DK,fav_engylimits_Favor,fav_engylimits_Oppose,fav_engylimits_REF,fav_mandateC02_DK,fav_mandateC02_Favor,fav_mandateC02_Oppose,fav_mandateC02_REF,fav_mandateC02bus_DK,fav_mandateC02bus_Favor,fav_mandateC02bus_Oppose,fav_mandateC02bus_REF,fav_nuclear_DK,fav_nuclear_Favor,fav_nuclear_Oppose,fav_nuclear_REF,fav_openland_DK,fav_openland_Favor,fav_openland_Oppose,fav_openland_REF,fav_solar_DK,fav_solar_Favor,fav_solar_Oppose,fav_solar_REF,favor_reduce_fossil_DK,favor_reduce_fossil_Favor,favor_reduce_fossil_Oppose,favor_reduce_fossil_REF,favor_reduce_fossil_Strongly favor,favor_reduce_fossil_Strongly oppose,fracking_DK,fracking_Favor,fracking_Oppose,fracking_REF,govprotect_About the right amount,govprotect_DK,govprotect_REF,govprotect_Too little,govprotect_Too much,gw_laws_econ_DK,gw_laws_econ_Definitely help,gw_laws_econ_Definitely hurt,gw_laws_econ_No effect,gw_laws_econ_Probably help,gw_laws_econ_Probably hurt,gw_laws_econ_REF,gw_serious_DK,gw_serious_Generally exaggerated,gw_serious_Generally underestimated,gw_serious_Gennerally correct,gw_serious_REF,gw_understand_DK,gw_understand_Fairly well,gw_understand_Not at all,gw_understand_Not very well,gw_understand_REF,gw_understand_Very well,jobtype_DK,jobtype_Employee of Non-profit Organization,jobtype_Employee of Private Company or Business,jobtype_Government Employee,jobtype_Other (VOL),jobtype_REF,jobtype_Self-Employed,nucfav_DK,nucfav_REF,nucfav_Somewhat favor,nucfav_Somewhat oppose,nucfav_Strongly favor,nucfav_Strongly oppose,nucfav_area_DK,nucfav_area_REF,nucfav_area_Somewhat favor,nucfav_area_Somewhat oppose,nucfav_area_Strongly favor,nucfav_area_Strongly oppose,nucsafe_DK,nucsafe_Not safe,nucsafe_REF,nucsafe_Safe,party_DK,party_Democrat,"party_Independent, no lean",party_Lean Democratic,party_Lean Republican,party_Republican,pay100more_DK/REF,pay100more_No,pay100more_Yes,prezjob_energy_DK,prezjob_energy_Fair/Mixed (VOL),prezjob_energy_Good job,prezjob_energy_Poor job,prezjob_energy_REF,prezjob_envt_DK,prezjob_envt_Fair/Mixed (VOL),prezjob_envt_Good job,prezjob_envt_Poor job,prezjob_envt_REF,religion_Adventists Church,religion_Agnostic,religion_Atheist,religion_Buddhism,religion_Catholic,religion_Christian Science,religion_DK,religion_Hinduism,religion_Jehovahs Witness,religion_Jewish,religion_Mennonite/Amish,religion_Mormon,religion_Muslim,religion_Orthodox,religion_Other,religion_Other Christian,religion_Other Non-Christian,religion_Protestant,religion_REF,solution_conserv_Both Equally (VOL),solution_conserv_DK,solution_conserv_Emphasize more conservation by consumers,"solution_conserv_Emphasize production of more oil, gas and coal supplies",solution_conserv_Neither/Other (VOL),solution_conserv_REF,worry_cchange_A fair amount,worry_cchange_A great deal,worry_cchange_DK,worry_cchange_Not at all,worry_cchange_Only a little,worry_cchange_REF
2000,0.01407035175879397,0.017085427135678392,0.010050251256281407,0.009045226130653266,0.01407035175879397,0.02512562814070352,0.010050251256281407,0.01306532663316583,0.017085427135678392,0.016080402010050253,0.018090452261306532,0.021105527638190954,0.022110552763819097,0.016080402010050253,0.019095477386934675,0.016080402010050253,0.021105527638190954,0.023115577889447236,0.021105527638190954,0.024120603015075376,0.02613065326633166,0.01507537688442211,0.02814070351758794,0.021105527638190954,0.022110552763819097,0.023115577889447236,0.020100502512562814,0.017085427135678392,0.01407035175879397,0.024120603015075376,0.016080402010050253,0.021105527638190954,0.02613065326633166,0.008040201005025126,0.019095477386934675,0.01306532663316583,0.020100502512562814,0.02613065326633166,0.01507537688442211,0.010050251256281407,0.01306532663316583,0.010050251256281407,0.017085427135678392,0.01507537688442211,0.018090452261306532,0.009045226130653266,0.012060301507537688,0.017085427135678392,0.010050251256281407,0.012060301507537688,0.008040201005025126,0.011055276381909548,0.01507537688442211,0.007035175879396985,0.012060301507537688,0.006030150753768844,0.008040201005025126,0.01507537688442211,0.005025125628140704,0.005025125628140704,0.005025125628140704,0.004020100502512563,0.007035175879396985,0.004020100502512563,0.006030150753768844,0.007035175879396985,0.0010050251256281408,0.0010050251256281408,0.004020100502512563,,,,,,,,,,,,,0.0010050251256281408,,,,,0.0069721115537848604,0.15139442231075698,0.26294820717131473,0.49701195219123506,0.08167330677290836,,,,,,,0.01593625498007968,0.2649402390438247,0.027888446215139442,0.6842629482071713,0.0069721115537848604,0.20019920318725098,0.00597609561752988,0.33067729083665337,0.16832669322709162,0.2948207171314741,,,,,,,,,,,,,,,,,,,,,,,,,,,,,,,,,,,,,,,,,,,,,,,0.0049800796812749,0.6633466135458167,0.00099601593625498,0.33067729083665337,0.0049800796812749,0.16235059760956175,0.00199203187250996,0.8306772908366534,0.00398406374501992,0.8944223107569721,0.00199203187250996,0.099601593625498,0.00298804780876494,0.6892430278884463,0.00298804780876494,0.3047808764940239,0.00796812749003984,0.5049800796812749,0.00298804780876494,0.48406374501992033,,,,,,,,,,,,0.09860557768924302,0.3794820717131474,0.00796812749003984,0.32270916334661354,0.19123505976095617,,0.14243027888446216,0.4123505976095618,0.014940239043824702,0.2589641434262948,0.1693227091633466,0.00199203187250996,0.09063745019920319,0.3256972111553785,0.01593625498007968,0.3256972111553785,0.23904382470119523,0.00298804780876494,0.2340637450199203,0.500996015936255,0.00597609561752988,0.099601593625498,0.1593625498007968,0.26195219123505975,0.6195219123505976,0.00099601593625498,0.036852589641434265,0.08067729083665338,,,,,,,,,,,,,,,,,,,,,,,,,,,,,,,,,,,,,,,,,,,,0.3157370517928287,0.01593625498007968,0.00298804780876494,0.5717131474103586,0.09362549800796813,,,,,,,,,,,,,,,,,,,,,,,,,,,,,,,,,,,,,,,,,,,0.3237051792828685,0.1254980079681275,0.14840637450199204,0.11553784860557768,0.2868525896414343,,,,,,,,,,,,,,,,,,,,,,,,,,,,,,,,,,,,,,,,,,,,
2001,0.018095238095238095,0.011428571428571429,0.009523809523809525,0.008571428571428572,0.008571428571428572,0.014285714285714285,0.010476190476190476,0.018095238095238095,0.014285714285714285,0.013333333333333334,0.015238095238095238,0.015238095238095238,0.023809523809523808,0.009523809523809525,0.024761904761904763,0.017142857142857144,0.017142857142857144,0.02095238095238095,0.023809523809523808,0.01904761904761905,0.021904761904761906,0.01904761904761905,0.021904761904761906,0.021904761904761906,0.01904761904761905,0.024761904761904763,0.012380952380952381,0.03238095238095238,0.017142857142857144,0.02666666666666667,0.024761904761904763,0.011428571428571429,0.022857142857142857,0.023809523809523808,0.02095238095238095,0.02095238095238095,0.021904761904761906,0.02,0.011428571428571429,0.017142857142857144,0.018095238095238095,0.012380952380952381,0.012380952380952381,0.008571428571428572,0.015238095238095238,0.012380952380952381,0.006666666666666667,0.01904761904761905,0.012380952380952381,0.010476190476190476,0.010476190476190476,0.008571428571428572,0.02095238095238095,0.008571428571428572,0.012380952380952381,0.007619047619047619,0.009523809523809525,0.006666666666666667,0.007619047619047619,0.010476190476190476,0.009523809523809525,0.0038095238095238095,0.0038095238095238095,0.005714285714285714,0.0019047619047619048,0.005714285714285714,0.0019047619047619048,0.0019047619047619048,0.0009523809523809524,0.0038095238095238095,0.0009523809523809524,0.0019047619047619048,0.0009523809523809524,,,,,,,,,0.0009523809523809524,,,,,0.006603773584905661,0.03490566037735849,0.40849056603773587,0.45943396226415095,0.09056603773584905,,0.040566037735849055,0.2660377358490566,0.6075471698113207,,0.08584905660377358,0.029245283018867925,0.32169811320754715,0.06886792452830189,0.5735849056603773,0.006603773584905661,0.19150943396226416,0.0018867924528301887,0.3339622641509434,0.18584905660377357,0.28679245283018867,,,,,,,,,,,,,,,,,,,,,,,,,,,,,,,0.012264150943396227,0.02830188679245283,0.36792452830188677,,0.5915094339622642,0.010377358490566037,0.5830188679245283,0.09245283018867924,,0.3141509433962264,0.05849056603773585,0.035849056603773584,0.35188679245283017,0.018867924528301886,0.5349056603773585,,,,,,,,,,,,,,,,,,,,,,0.009433962264150943,0.04716981132075472,0.42547169811320756,0.45849056603773586,0.05849056603773585,0.0009433962264150943,0.013207547169811321,0.36698113207547167,0.5650943396226416,0.002830188679245283,0.05188679245283019,,,,,,,,,,,,,,,,,,,0.219811320754717,0.4688679245283019,0.0018867924528301887,0.10660377358490566,0.2028301886792453,0.2820754716981132,0.5584905660377358,0.0009433962264150943,0.0330188679245283,0.12547169811320755,,,,,,,,,,0.026415094339622643,0.34056603773584904,0.6330188679245283,,,,,,,,,,0.04716981132075472,0.4679245283018868,0.4849056603773585,,,,,,0.017924528301886792,0.809433962264151,0.17264150943396225,,,,,,,,,,,,0.30849056603773584,0.024528301886792454,0.0037735849056603774,0.5584905660377358,0.10471698113207548,,,,,,,,0.04150943396226415,0.2981132075471698,0.30377358490566037,0.35660377358490564,,0.005660377358490566,0.5490566037735849,0.05188679245283019,0.22924528301886793,,0.1641509433962264,,,,,,,,0.05138339920948617,,0.2984189723320158,0.2628458498023715,0.19367588932806323,0.19367588932806323,0.021660649819494584,,0.2490974729241877,0.18050541516245489,0.12093862815884476,0.427797833935018,,,,,,0.3273584905660377,0.0830188679245283,0.1179245283018868,0.12452830188679245,0.3471698113207547,0.015810276679841896,0.22727272727272727,0.7569169960474308,0.062264150943396226,0.06037735849056604,0.5764150943396227,0.3009433962264151,,0.05,0.05188679245283019,0.48867924528301887,0.40943396226415096,,,,,,,,,,,,,,,,,,,,,0.09245283018867924,0.01509433962264151,0.5745283018867925,0.30660377358490565,0.011320754716981131,,,,,,,
2002,0.014028056112224449,0.006012024048096192,0.004008016032064128,0.018036072144288578,0.013026052104208416,0.012024048096192385,0.01903807615230461,0.02004008016032064,0.01603206412825651,0.013026052104208416,0.01603206412825651,0.01903807615230461,0.022044088176352707,0.017034068136272545,0.031062124248496994,0.009018036072144289,0.011022044088176353,0.02004008016032064,0.01603206412825651,0.02404809619238477,0.027054108216432865,0.02004008016032064,0.028056112224448898,0.027054108216432865,0.02004008016032064,0.01603206412825651,0.022044088176352707,0.023046092184368736,0.02004008016032064,0.018036072144288578,0.014028056112224449,0.021042084168336674,0.02004008016032064,0.01503006012024048,0.01503006012024048,0.01903807615230461,0.02004008016032064,0.021042084168336674,0.018036072144288578,0.01903807615230461,0.006012024048096192,0.01002004008016032,0.021042084168336674,0.008016032064128256,0.013026052104208416,0.011022044088176353,0.017034068136272545,0.01903807615230461,0.006012024048096192,0.013026052104208416,0.009018036072144289,0.011022044088176353,0.006012024048096192,0.01503006012024048,0.0070140280561122245,0.01603206412825651,0.009018036072144289,0.006012024048096192,0.008016032064128256,0.006012024048096192,0.00501002004008016,0.00501002004008016,0.004008016032064128,0.01002004008016032,0.004008016032064128,0.006012024048096192,0.004008016032064128,0.006012024048096192,0.002004008016032064,0.001002004008016032,0.003006012024048096,,0.001002004008016032,0.002004008016032064,0.001002004008016032,0.001002004008016032,0.001002004008016032,,,,,0.002004008016032064,,,,,0.003976143141153081,0.030815109343936383,0.5019880715705766,0.32803180914512925,0.13220675944333996,0.002982107355864811,0.016898608349900597,0.5765407554671969,0.3290258449304175,0.002982107355864811,0.07455268389662027,0.02982107355864811,0.3797216699801193,0.061630218687872766,0.5178926441351889,0.010934393638170975,0.16699801192842942,0.003976143141153081,0.3489065606361829,0.20377733598409542,0.27634194831013914,,,,,,,,,,,,,,,,,,,,,,,,,,,,,,,0.005964214711729622,0.019880715705765408,0.5039761431411531,0.0019880715705765406,0.46819085487077533,0.020874751491053677,0.6371769383697813,0.12823061630218688,0.002982107355864811,0.21073558648111332,0.036779324055666,0.02385685884691849,0.38767395626242546,0.02485089463220676,0.5228628230616302,0.003976143141153081,,,,,,,,,,,,,,,,,,,,,0.004970178926441352,0.042743538767395624,0.43538767395626243,0.44731610337972166,0.06958250497017893,,0.014910536779324055,0.40059642147117297,0.5397614314115308,,0.04473161033797217,,,,,,,,,,,,,,,,,,,,,,,,0.294234592445328,0.510934393638171,,0.02982107355864811,0.16401590457256462,0.0009940357852882703,,,,,,,,,0.02186878727634195,0.3548707753479125,0.6192842942345924,0.003976143141153081,,,,,,,,,0.0437375745526839,0.45825049701789267,0.4970178926441352,0.0009940357852882703,,,,,0.017892644135188866,0.7783300198807157,0.20278330019880716,0.0009940357852882703,,,,,,,,,,,,,,,,,,,,,,,0.042743538767395624,0.31510934393638174,0.3101391650099404,0.32803180914512925,0.003976143141153081,0.0019880715705765406,0.5168986083499006,0.0437375745526839,0.2504970178926441,0.0019880715705765406,0.1848906560636183,,,,,,,,,,,,,,,,,,,,,,,,,0.29979879275653926,0.09154929577464789,0.12374245472837023,0.11971830985915492,0.36519114688128773,,,,0.08846918489065607,0.08349900596421471,0.44731610337972166,0.3757455268389662,0.004970178926441352,0.0437375745526839,0.07852882703777336,0.47813121272365805,0.3946322067594433,0.004970178926441352,,,,,,,,,,,,,,,,,,,,0.06461232604373758,0.017892644135188866,0.6133200795228628,0.28628230616302186,0.016898608349900597,0.0009940357852882703,,,,,,
2003,0.020080321285140562,0.006024096385542169,0.009036144578313253,0.010040160642570281,0.009036144578313253,0.013052208835341365,0.014056224899598393,0.01606425702811245,0.01104417670682731,0.01606425702811245,0.020080321285140562,0.010040160642570281,0.013052208835341365,0.01706827309236948,0.028112449799196786,0.025100401606425703,0.015060240963855422,0.014056224899598393,0.01706827309236948,0.012048192771084338,0.02208835341365462,0.018072289156626505,0.024096385542168676,0.014056224899598393,0.018072289156626505,0.02610441767068273,0.01706827309236948,0.023092369477911646,0.01606425702811245,0.02108433734939759,0.015060240963855422,0.025100401606425703,0.03112449799196787,0.01706827309236948,0.02108433734939759,0.02208835341365462,0.019076305220883535,0.02710843373493976,0.015060240963855422,0.018072289156626505,0.013052208835341365,0.01706827309236948,0.024096385542168676,0.012048192771084338,0.018072289156626505,0.010040160642570281,0.015060240963855422,0.007028112449799197,0.012048192771084338,0.014056224899598393,0.009036144578313253,0.013052208835341365,0.01104417670682731,0.008032128514056224,0.015060240963855422,0.006024096385542169,0.01104417670682731,0.0030120481927710845,0.004016064257028112,0.008032128514056224,0.007028112449799197,0.006024096385542169,0.014056224899598393,0.004016064257028112,0.010040160642570281,0.008032128514056224,0.004016064257028112,0.004016064257028112,,0.001004016064257028,,,0.001004016064257028,,0.001004016064257028,,,0.001004016064257028,,,,0.001004016064257028,,,,,0.0029910269192422734,0.010967098703888335,0.47258225324027914,0.20139581256231306,0.31106679960119643,0.0009970089730807576,0.020937188434695914,0.23529411764705882,0.6570289132602194,0.003988035892323031,0.08275174476570289,0.026919242273180457,0.4267198404785643,0.07577268195413758,0.46061814556331004,0.009970089730807577,0.1864406779661017,0.003988035892323031,0.3020937188434696,0.21535393818544366,0.292123629112662,,,,,,,,,,,,,,,,,,,,,,,,,,,,,,,0.00897308075772682,0.026919242273180457,0.4077766699900299,0.0019940179461615153,0.5543369890329013,0.018943170488534396,0.5822532402791625,0.11964107676969092,0.003988035892323031,0.27517447657028915,0.0448654037886341,0.020937188434695914,0.39780658025922233,0.019940179461615155,0.5024925224327019,0.013958125623130608,,,,,,0.205761316872428,0.00205761316872428,0.7921810699588477,,,,,0.00411522633744856,0.6666666666666666,,0.3292181069958848,,,,,0.005982053838484547,0.05284147557328016,0.39780658025922233,0.4546360917248255,0.08873379860418744,,0.019940179461615155,0.33998005982053836,0.5533399800598205,0.0009970089730807576,0.08574277168494517,,,,,,,,,,,,,,,,,,,,,,,,0.28913260219341974,0.4915254237288136,,0.05284147557328016,0.16550348953140578,0.0009970089730807576,,,,,,,,,,,,,0.0259222333000997,0.7627118644067796,0.20837487537387836,0.0029910269192422734,,,,,0.05982053838484546,0.45663010967098705,0.4795613160518445,0.003988035892323031,,,,,,,,,,,,,,,,,,,0.3895582329317269,0.030120481927710843,0.004016064257028112,0.5100401606425703,0.06626506024096386,,,,,,,,0.03788634097706879,0.3389830508474576,0.3140578265204387,0.30309072781655033,0.005982053838484547,,0.5423728813559322,0.047856430707876374,0.2382851445663011,,0.17148554336989033,0.003169572107765452,0.09033280507131537,0.5451664025356577,0.19334389857369255,0.004754358161648178,0.001584786053882726,0.16164817749603805,,,,,,,,,,,,,,,,,0.009009009009009009,0.31931931931931934,0.08608608608608609,0.12712712712712712,0.10810810810810811,0.35035035035035034,,,,0.08075772681954138,0.07377866400797607,0.40079760717846463,0.4406779661016949,0.003988035892323031,0.04685942173479561,0.07976071784646062,0.43968095712861416,0.4287138584247258,0.004985044865403789,,,,,,,,,,,,,,,,,,,,0.07377866400797607,0.014955134596211365,0.6041874376869392,0.2761714855433699,0.028913260219341975,0.0019940179461615153,,,,,,
2004,0.018108651911468814,0.008048289738430584,0.007042253521126761,0.01006036217303823,0.015090543259557344,0.002012072434607646,0.01006036217303823,0.014084507042253521,0.013078470824949699,0.014084507042253521,0.02414486921529175,0.011066398390342052,0.01609657947686117,0.01710261569416499,0.012072434607645875,0.013078470824949699,0.01609657947686117,0.02012072434607646,0.02414486921529175,0.028169014084507043,0.018108651911468814,0.023138832997987926,0.026156941649899398,0.019114688128772636,0.030181086519114688,0.018108651911468814,0.01609657947686117,0.019114688128772636,0.02112676056338028,0.02112676056338028,0.023138832997987926,0.023138832997987926,0.022132796780684104,0.015090543259557344,0.023138832997987926,0.01710261569416499,0.01710261569416499,0.028169014084507043,0.02012072434607646,0.02112676056338028,0.01609657947686117,0.012072434607645875,0.02012072434607646,0.015090543259557344,0.015090543259557344,0.006036217303822937,0.015090543259557344,0.014084507042253521,0.012072434607645875,0.007042253521126761,0.01006036217303823,0.014084507042253521,0.011066398390342052,0.0030181086519114686,0.008048289738430584,0.012072434607645875,0.008048289738430584,0.011066398390342052,0.006036217303822937,0.008048289738430584,0.006036217303822937,0.009054325955734407,0.005030181086519115,0.006036217303822937,0.004024144869215292,0.007042253521126761,0.007042253521126761,0.004024144869215292,0.004024144869215292,0.001006036217303823,0.001006036217303823,0.002012072434607646,0.001006036217303823,,0.001006036217303823,,,,,0.001006036217303823,,,,,,,0.0009950248756218905,0.021890547263681594,0.43582089552238806,0.32238805970149254,0.21890547263681592,,0.010945273631840797,0.4626865671641791,0.45870646766169154,,0.06766169154228856,0.026865671641791045,0.42686567164179107,0.05472636815920398,0.48258706467661694,0.008955223880597015,0.22487562189054727,0.007960199004975124,0.32338308457711445,0.208955223880597,0.23482587064676616,,,,,,,,,,,,,,,,,,,,,,,,,,,,,,,0.010945273631840797,0.022885572139303482,0.47761194029850745,0.001990049751243781,0.48656716417910445,0.01691542288557214,0.5800995024875621,0.13432835820895522,0.0029850746268656717,0.2656716417910448,0.03681592039800995,0.024875621890547265,0.4388059701492537,0.012935323383084577,0.481592039800995,0.004975124378109453,,,,,,,,,,,,,,,,,,,,,0.0009950248756218905,0.04975124378109453,0.39800995024875624,0.4537313432835821,0.09751243781094528,,0.012935323383084577,0.36218905472636814,0.5552238805970149,0.001990049751243781,0.06766169154228856,,,,,,,,,,,,,,,,,,,,,,,,0.2845771144278607,0.44477611940298506,0.0009950248756218905,0.05572139303482587,0.21194029850746268,0.001990049751243781,,,,,,,,,,,,,,,,,,,,,,,,,,,,,,,,,,,,,,,,,,,0.38593155893536124,0.022813688212927757,,0.5456273764258555,0.045627376425855515,,,,,,,,0.03283582089552239,0.382089552238806,0.3164179104477612,0.2626865671641791,0.005970149253731343,0.0009950248756218905,0.527363184079602,0.045771144278606964,0.23781094527363184,0.0009950248756218905,0.18706467661691542,0.0016835016835016834,0.10606060606060606,0.494949494949495,0.1717171717171717,0.026936026936026935,,0.19865319865319866,0.03966597077244259,0.0020876826722338203,0.38204592901878914,0.1941544885177453,0.21085594989561587,0.17118997912317327,0.024714828897338403,0.0038022813688212928,0.27566539923954375,0.21102661596958175,0.11977186311787072,0.3650190114068441,,,,,,0.3206793206793207,0.08191808191808192,0.15184815184815184,0.1068931068931069,0.3386613386613387,,,,0.056716417910447764,0.08258706467661692,0.34228855721393037,0.5154228855721393,0.0029850746268656717,0.03383084577114428,0.08557213930348259,0.4079601990049751,0.4716417910447761,0.0009950248756218905,,,,,,,,,,,,,,,,,,,,0.05870646766169154,0.013930348258706468,0.6059701492537314,0.29850746268656714,0.01990049751243781,0.0029850746268656717,,,,,,
2005,0.006036217303822937,0.002012072434607646,0.01006036217303823,0.012072434607645875,0.009054325955734407,0.008048289738430584,0.013078470824949699,0.005030181086519115,0.018108651911468814,0.01006036217303823,0.012072434607645875,0.007042253521126761,0.013078470824949699,0.018108651911468814,0.013078470824949699,0.015090543259557344,0.015090543259557344,0.01006036217303823,0.011066398390342052,0.02414486921529175,0.01710261569416499,0.026156941649899398,0.02112676056338028,0.018108651911468814,0.018108651911468814,0.02112676056338028,0.018108651911468814,0.022132796780684104,0.023138832997987926,0.028169014084507043,0.030181086519114688,0.022132796780684104,0.030181086519114688,0.01710261569416499,0.01710261569416499,0.018108651911468814,0.01710261569416499,0.039235412474849095,0.015090543259557344,0.019114688128772636,0.030181086519114688,0.013078470824949699,0.015090543259557344,0.013078470824949699,0.022132796780684104,0.014084507042253521,0.01609657947686117,0.015090543259557344,0.01609657947686117,0.015090543259557344,0.008048289738430584,0.013078470824949699,0.015090543259557344,0.008048289738430584,0.009054325955734407,0.006036217303822937,0.014084507042253521,0.006036217303822937,0.008048289738430584,0.009054325955734407,0.007042253521126761,0.006036217303822937,0.01006036217303823,0.007042253521126761,0.007042253521126761,0.0030181086519114686,0.004024144869215292,0.008048289738430584,0.0030181086519114686,0.002012072434607646,0.004024144869215292,,,,,,,0.001006036217303823,,,,,,,,,0.0049800796812749,0.036852589641434265,0.4651394422310757,0.3396414342629482,0.15239043824701196,0.00099601593625498,0.0199203187250996,0.4153386454183267,0.4960159362549801,0.00398406374501992,0.0647410358565737,0.026892430278884463,0.3615537848605578,0.08067729083665338,0.5199203187250996,0.010956175298804782,0.2051792828685259,0.00398406374501992,0.31274900398406374,0.1942231075697211,0.28386454183266935,,,,,,,,,,,,,,,,,,,,,,,,,,,,,,,0.0049800796812749,0.0249003984063745,0.45219123505976094,0.00199203187250996,0.5159362549800797,0.01593625498007968,0.5677290836653387,0.09163346613545817,0.00398406374501992,0.3207171314741036,0.03884462151394422,0.021912350597609563,0.41334661354581675,0.0199203187250996,0.499003984063745,0.0069721115537848604,,,,,,,,,,,,,,,,,,,,,0.00398406374501992,0.045816733067729085,0.37749003984063745,0.48306772908366535,0.08864541832669323,0.00099601593625498,0.017928286852589643,0.301792828685259,0.6105577689243028,0.0049800796812749,0.0647410358565737,0.08266932270916334,0.350597609561753,0.01693227091633466,0.3894422310756972,0.1553784860557769,0.0049800796812749,0.13645418326693226,0.399402390438247,0.017928286852589643,0.2788844621513944,0.1593625498007968,0.00796812749003984,0.08266932270916334,0.3197211155378486,0.0199203187250996,0.29382470119521914,0.2788844621513944,0.0049800796812749,,,,,,,,,,,,,,,,,,,,,,,,,,,,,,,,,,,,,,,,,,,,,,,,,,,,,,0.3333333333333333,0.021568627450980392,0.00392156862745098,0.5901960784313726,0.050980392156862744,,,,,,,,0.0398406374501992,0.3386454183266932,0.31673306772908366,0.300796812749004,0.00398406374501992,0.00099601593625498,0.547808764940239,0.05179282868525897,0.23306772908366533,0.00199203187250996,0.1643426294820717,,,,,,,,0.030364372469635626,0.006072874493927126,0.3724696356275304,0.20850202429149797,0.18421052631578946,0.19838056680161945,0.01764705882352941,0.0058823529411764705,0.2725490196078431,0.19019607843137254,0.11960784313725491,0.3941176470588235,,,,,,0.33131313131313134,0.0696969696969697,0.1303030303030303,0.10808080808080808,0.3606060606060606,,,,0.061752988047808766,0.07270916334661355,0.3157370517928287,0.545816733067729,0.00398406374501992,0.03286852589641434,0.08067729083665338,0.37749003984063745,0.5079681274900398,0.00099601593625498,,0.004381161007667032,0.002190580503833516,0.001095290251916758,0.2606790799561884,,0.00547645125958379,0.004381161007667032,0.002190580503833516,0.023001095290251915,0.002190580503833516,0.019715224534501644,0.002190580503833516,0.009857612267250822,0.014238773274917854,0.0832420591456736,,0.5509309967141293,0.014238773274917854,0.0647410358565737,0.014940239043824702,0.6125498007968128,0.28286852589641437,0.02091633466135458,0.00398406374501992,,,,,,
2006,0.010121457489878543,0.003036437246963563,0.006072874493927126,0.004048582995951417,0.008097165991902834,0.009109311740890687,0.004048582995951417,0.00708502024291498,0.009109311740890687,0.010121457489878543,0.010121457489878543,0.02327935222672065,0.010121457489878543,0.008097165991902834,0.011133603238866396,0.009109311740890687,0.013157894736842105,0.01417004048582996,0.020242914979757085,0.01417004048582996,0.02327935222672065,0.02125506072874494,0.015182186234817813,0.015182186234817813,0.016194331983805668,0.02327935222672065,0.020242914979757085,0.020242914979757085,0.020242914979757085,0.015182186234817813,0.020242914979757085,0.02125506072874494,0.027327935222672066,0.022267206477732792,0.02631578947368421,0.027327935222672066,0.02834008097165992,0.019230769230769232,0.02834008097165992,0.020242914979757085,0.03340080971659919,0.016194331983805668,0.025303643724696356,0.013157894736842105,0.019230769230769232,0.01417004048582996,0.009109311740890687,0.018218623481781375,0.016194331983805668,0.011133603238866396,0.012145748987854251,0.010121457489878543,0.018218623481781375,0.015182186234817813,0.02125506072874494,0.010121457489878543,0.008097165991902834,0.01417004048582996,0.006072874493927126,0.008097165991902834,0.013157894736842105,0.004048582995951417,0.011133603238866396,0.00708502024291498,0.004048582995951417,0.0020242914979757085,0.005060728744939271,0.006072874493927126,0.003036437246963563,0.0020242914979757085,0.0010121457489878543,0.0010121457489878543,0.0020242914979757085,0.0010121457489878543,,0.0020242914979757085,,,,,,,,,,,0.005,0.061,0.431,0.319,0.182,0.002,0.015,0.313,0.583,0.003,0.086,0.025,0.378,0.07,0.511,0.016,0.192,0.003,0.295,0.256,0.254,,,,,,,,,,,,,,,,,,,,,,,,,,,,,,,0.011,0.03,0.391,,0.568,0.006,0.523,0.066,0.004,0.401,0.043,0.016,0.427,0.022,0.482,0.01,,,,,,,,,,,,,,,,,,,,,0.003,0.045,0.37,0.48,0.101,0.001,0.019,0.258,0.65,0.006,0.067,,,,,,,,,,,,,,,,,,,,,,,,0.298,0.49,0.001,0.06,0.151,,0.007,0.857,0.135,0.001,,,,,,,,,0.027,0.747,0.222,0.004,,,,,0.048,0.579,0.367,0.006,,,,,0.018,0.787,0.194,0.001,,,,,,,,,,,0.3253012048192771,0.012048192771084338,0.004016064257028112,0.606425702811245,0.05220883534136546,,,,,,,,0.033,0.314,0.362,0.288,0.003,0.001,0.54,0.049,0.196,,0.214,,,,,,,,0.055776892430278883,0.00398406374501992,0.3545816733067729,0.1952191235059761,0.23705179282868527,0.15338645418326693,0.02610441767068273,0.002008032128514056,0.29518072289156627,0.1646586345381526,0.15461847389558234,0.357429718875502,,,,,,0.340793489318413,0.10885045778229908,0.150559511698881,0.1017293997965412,0.2980671414038657,,,,0.042,0.072,0.25,0.629,0.007,0.023,0.092,0.317,0.564,0.004,0.0011098779134295228,0.0011098779134295228,,0.004439511653718091,0.25083240843507215,0.0022197558268590455,0.003329633740288568,0.0011098779134295228,0.0022197558268590455,0.029966703662597113,,0.01997780244173141,0.0011098779134295228,0.00776914539400666,0.022197558268590455,0.06548279689234185,0.0011098779134295228,0.5704772475027747,0.01553829078801332,0.072,0.018,0.568,0.322,0.016,0.004,,,,,,
2007,0.007992007992007992,0.000999000999000999,0.003996003996003996,0.003996003996003996,0.006993006993006993,0.004995004995004995,0.008991008991008992,0.012987012987012988,0.00999000999000999,0.003996003996003996,0.005994005994005994,0.01098901098901099,0.008991008991008992,0.005994005994005994,0.01098901098901099,0.005994005994005994,0.012987012987012988,0.00999000999000999,0.014985014985014986,0.015984015984015984,0.017982017982017984,0.013986013986013986,0.02097902097902098,0.016983016983016984,0.014985014985014986,0.01898101898101898,0.015984015984015984,0.026973026973026972,0.028971028971028972,0.011988011988011988,0.026973026973026972,0.013986013986013986,0.026973026973026972,0.015984015984015984,0.03196803196803197,0.024975024975024976,0.01998001998001998,0.029970029970029972,0.024975024975024976,0.029970029970029972,0.027972027972027972,0.025974025974025976,0.02097902097902098,0.016983016983016984,0.016983016983016984,0.013986013986013986,0.011988011988011988,0.024975024975024976,0.01898101898101898,0.015984015984015984,0.014985014985014986,0.012987012987012988,0.014985014985014986,0.012987012987012988,0.013986013986013986,0.008991008991008992,0.012987012987012988,0.015984015984015984,0.008991008991008992,0.005994005994005994,0.00999000999000999,0.011988011988011988,0.012987012987012988,0.002997002997002997,0.01098901098901099,0.003996003996003996,0.006993006993006993,0.005994005994005994,0.002997002997002997,0.004995004995004995,0.000999000999000999,0.001998001998001998,0.000999000999000999,0.000999000999000999,0.000999000999000999,0.000999000999000999,,,,,,,,,,,0.0009910802775024777,0.07631318136769079,0.44400396432111,0.3468780971258672,0.13082259663032705,0.0009910802775024777,0.02081268582755203,0.288404360753221,0.6095143706640238,0.004955401387512388,0.07631318136769079,0.024777006937561942,0.35777998017839446,0.04558969276511397,0.5609514370664024,0.010901883052527254,0.18037661050545095,0.004955401387512388,0.31020812685827553,0.22398414271555997,0.2804757185332012,,,,,,,,,,,,,,,,,,,,,,,,,,,,,,,0.005946481665014866,0.02081268582755203,0.4509415262636274,0.0009910802775024777,0.5213082259663032,0.010901883052527254,0.5480673934588701,0.07135777998017839,0.0019821605550049554,0.3676907829534192,0.035678889990089196,0.019821605550049554,0.36174430128840435,0.023785926660059464,0.5520317145688801,0.006937561942517344,,,,,0.0009910802775024777,0.13974231912784935,0.0009910802775024777,0.8582755203171457,,,,,0.004955401387512388,0.6323092170465807,0.0009910802775024777,0.36174430128840435,,,,,0.005946481665014866,0.057482656095143705,0.3686818632309217,0.4697720515361744,0.0981169474727453,,0.011892963330029732,0.2616451932606541,0.6531219028741329,,0.07333994053518335,,,,,,,,,,,,,,,,,,,,,,,,0.3002973240832507,0.5074331020812686,0.0009910802775024777,0.061446977205153616,0.12983151635282458,,0.008919722497522299,0.8612487611496531,0.1288404360753221,0.0009910802775024777,,,,,,,,,0.019821605550049554,0.7789890981169475,0.19722497522299307,0.003964321110009911,,,,,0.036669970267591674,0.5282457879088206,0.4321110009910803,0.002973240832507433,,,,,0.009910802775024777,0.8235877106045589,0.1645193260654113,0.0019821605550049554,,,,,,,,,,,,,,,,,,,,,,,0.02576808721506442,0.3538156590683845,0.31615460852329036,0.3002973240832507,0.003964321110009911,0.0009910802775024777,0.5550049554013875,0.031714568880079286,0.1774033696729435,,0.2348860257680872,,,,,,,,0.04038461538461539,0.0038461538461538464,0.3211538461538462,0.2230769230769231,0.23653846153846153,0.175,0.016359918200409,,0.2903885480572597,0.15132924335378323,0.1390593047034765,0.40286298568507156,,,,,,0.3173173173173173,0.0940940940940941,0.16016016016016016,0.0960960960960961,0.33233233233233234,,,,0.036669970267591674,0.07631318136769079,0.25966303270564917,0.6233894945490585,0.003964321110009911,0.027750247770069375,0.0802775024777007,0.30327056491575816,0.5857284440039643,0.002973240832507433,0.003367003367003367,,,0.008978675645342313,0.2345679012345679,0.002244668911335578,0.002244668911335578,0.001122334455667789,0.001122334455667789,0.030303030303030304,,0.02244668911335578,,0.005611672278338945,0.02132435465768799,0.05723905723905724,,0.5869809203142536,0.02244668911335578,0.061446977205153616,0.02081268582755203,0.6342913776015857,0.2666005946481665,0.014866204162537165,0.0019821605550049554,,,,,,
2008,0.009,0.015,0.01,0.011,0.006,0.002,0.007,0.011,0.007,0.01,0.012,0.016,0.01,0.015,0.013,0.013,0.02,0.017,0.012,0.017,0.015,0.021,0.013,0.012,0.019,0.02,0.02,0.02,0.021,0.018,0.018,0.017,0.029,0.017,0.015,0.028,0.023,0.021,0.016,0.029,0.024,0.022,0.018,0.014,0.017,0.017,0.022,0.02,0.016,0.011,0.016,0.012,0.015,0.013,0.012,0.008,0.012,0.017,0.016,0.01,0.01,0.004,0.013,0.009,0.01,0.003,0.003,0.002,0.003,0.004,0.001,,0.001,,,,,,,,,,,,,,0.0009881422924901185,0.01383399209486166,0.4397233201581028,0.1442687747035573,0.40118577075098816,,0.010869565217391304,0.06818181818181818,0.8705533596837944,0.001976284584980237,0.04841897233201581,0.02766798418972332,0.4357707509881423,0.058300395256917,0.4673913043478261,0.010869565217391304,0.20355731225296442,0.0029644268774703555,0.2727272727272727,0.21146245059288538,0.3092885375494071,,,,,,,,,,,,,,,,,,,,,,,,,,,,,,,0.014822134387351778,0.022727272727272728,0.33893280632411066,0.0029644268774703555,0.6205533596837944,0.005928853754940711,0.47134387351778656,0.046442687747035576,,0.4762845849802372,0.04743083003952569,0.025691699604743084,0.41007905138339923,0.020750988142292492,0.4881422924901186,0.007905138339920948,,,,,,,,,,,,,,,,,,,,,0.0009881422924901185,0.05237154150197629,0.3567193675889328,0.48320158102766797,0.10573122529644269,0.0009881422924901185,0.012845849802371542,0.2756916996047431,0.658102766798419,,0.0533596837944664,,,,,,,,,,,,,,,,,,,,,,,,0.2885375494071146,0.5069169960474308,,0.05237154150197629,0.15118577075098813,0.0009881422924901185,,,,,,,,,,,,,,,,,,,,,,,,,,,,,,,,,,,,,,,,,,,,,,,,,,,,,,,0.019762845849802372,0.36561264822134387,0.2826086956521739,0.3290513833992095,0.0029644268774703555,0.0009881422924901185,0.575098814229249,0.022727272727272728,0.16205533596837945,0.0009881422924901185,0.2381422924901186,,,,,,,,,,,,,,,,,,,,,,,,,0.33962264150943394,0.07447864945382324,0.18470705064548162,0.11221449851042702,0.28897715988083417,,,,0.038537549407114624,0.07114624505928854,0.20948616600790515,0.674901185770751,0.005928853754940711,0.03162055335968379,0.07806324110671936,0.30138339920948615,0.5830039525691699,0.005928853754940711,0.0033076074972436605,0.0033076074972436605,0.0011025358324145535,0.005512679162072767,0.25248070562293273,0.0011025358324145535,0.013230429988974642,0.005512679162072767,0.002205071664829107,0.030871003307607496,,0.012127894156560088,0.0033076074972436605,0.006615214994487321,0.020948180815876516,0.07717750826901874,,0.5391400220507166,0.022050716648291068,0.06027667984189723,0.014822134387351778,0.5978260869565217,0.2994071146245059,0.0266798418972332,0.0009881422924901185,,,,,,
2009,0.014014014014014014,0.004004004004004004,0.009009009009009009,0.008008008008008008,0.004004004004004004,0.01001001001001001,0.009009009009009009,0.011011011011011011,0.007007007007007007,0.01001001001001001,0.011011011011011011,0.009009009009009009,0.011011011011011011,0.008008008008008008,0.009009009009009009,0.01701701701701702,0.006006006006006006,0.018018018018018018,0.015015015015015015,0.011011011011011011,0.009009009009009009,0.014014014014014014,0.023023023023023025,0.009009009009009009,0.009009009009009009,0.02002002002002002,0.02002002002002002,0.022022022022022022,0.015015015015015015,0.022022022022022022,0.02002002002002002,0.018018018018018018,0.018018018018018018,0.02002002002002002,0.03003003003003003,0.022022022022022022,0.03303303303303303,0.026026026026026026,0.02002002002002002,0.02002002002002002,0.021021021021021023,0.02702702702702703,0.025025025025025027,0.02002002002002002,0.026026026026026026,0.022022022022022022,0.016016016016016016,0.021021021021021023,0.016016016016016016,0.011011011011011011,0.013013013013013013,0.022022022022022022,0.02002002002002002,0.011011011011011011,0.012012012012012012,0.011011011011011011,0.011011011011011011,0.01701701701701702,0.008008008008008008,0.007007007007007007,0.008008008008008008,0.006006006006006006,0.014014014014014014,0.002002002002002002,0.011011011011011011,0.005005005005005005,0.005005005005005005,0.003003003003003003,0.006006006006006006,0.005005005005005005,0.002002002002002002,0.001001001001001001,0.001001001001001001,,,,,,0.001001001001001001,,,0.001001001001001001,,,,,,,,,,,,,,,,0.012845849802371542,0.5691699604743083,0.045454545454545456,0.3606719367588933,0.011857707509881422,0.18774703557312253,0.004940711462450593,0.28063241106719367,0.22628458498023715,0.30039525691699603,,,,,,,,,,,,,,,,,,,,,,,,,,,,,,,,,,,,0.00691699604743083,0.5079051383399209,0.06225296442687747,,0.42292490118577075,0.024703557312252964,0.01383399209486166,0.5069169960474308,0.011857707509881422,0.43280632411067194,0.009881422924901186,,,,,,,,,,,,,,,,,,,,,0.0029644268774703555,0.05237154150197629,0.3616600790513834,0.43873517786561267,0.1442687747035573,,0.017786561264822136,0.4288537549407115,0.4891304347826087,0.003952569169960474,0.06027667984189723,,,,,,,,,,,,,,,,,,,,,,,,0.30434782608695654,0.5019762845849802,0.0009881422924901185,0.05138339920948617,0.14130434782608695,,,,,,,,,,0.020750988142292492,0.2756916996047431,0.6976284584980237,0.005928853754940711,,,,,0.016798418972332016,0.691699604743083,0.2875494071146245,0.003952569169960474,,,,,,,,,,,,,,,,,,,,,,,,,,,,,,,,,,,0.014822134387351778,0.44664031620553357,0.25889328063241107,0.27865612648221344,0.0009881422924901185,,,,,,,,,,,,,,0.02734375,0.001953125,0.333984375,0.205078125,0.3125,0.119140625,,,,,,,0.016,0.35,0.004,0.63,,0.36536536536536535,0.0970970970970971,0.14414414414414414,0.11911911911911911,0.27427427427427425,,,,0.038537549407114624,0.02865612648221344,0.6768774703557312,0.2519762845849802,0.003952569169960474,0.02766798418972332,0.041501976284584984,0.7638339920948617,0.15810276679841898,0.008893280632411068,0.0011160714285714285,0.0033482142857142855,0.0011160714285714285,0.005580357142857143,0.23549107142857142,,0.006696428571428571,0.002232142857142857,0.0011160714285714285,0.03459821428571429,,0.014508928571428572,0.006696428571428571,0.008928571428571428,0.021205357142857144,0.09598214285714286,0.002232142857142857,0.5357142857142857,0.0234375,,,,,,,,,,,,
2010,0.009045226130653266,0.011055276381909548,0.01407035175879397,0.008040201005025126,0.006030150753768844,0.009045226130653266,0.006030150753768844,0.005025125628140704,0.009045226130653266,0.012060301507537688,0.005025125628140704,0.007035175879396985,0.01306532663316583,0.007035175879396985,0.008040201005025126,0.009045226130653266,0.008040201005025126,0.012060301507537688,0.006030150753768844,0.012060301507537688,0.016080402010050253,0.01306532663316583,0.018090452261306532,0.009045226130653266,0.011055276381909548,0.01507537688442211,0.01306532663316583,0.019095477386934675,0.019095477386934675,0.022110552763819097,0.019095477386934675,0.016080402010050253,0.019095477386934675,0.01306532663316583,0.019095477386934675,0.03015075376884422,0.02613065326633166,0.02613065326633166,0.021105527638190954,0.021105527638190954,0.01306532663316583,0.02613065326633166,0.027135678391959798,0.012060301507537688,0.023115577889447236,0.023115577889447236,0.017085427135678392,0.020100502512562814,0.017085427135678392,0.022110552763819097,0.01306532663316583,0.017085427135678392,0.021105527638190954,0.010050251256281407,0.024120603015075376,0.01407035175879397,0.018090452261306532,0.017085427135678392,0.010050251256281407,0.017085427135678392,0.01306532663316583,0.01306532663316583,0.01407035175879397,0.007035175879396985,0.003015075376884422,0.006030150753768844,0.010050251256281407,0.006030150753768844,0.003015075376884422,0.008040201005025126,0.003015075376884422,0.0020100502512562816,0.0020100502512562816,0.0020100502512562816,,,,,,,,0.0010050251256281408,,,,,,,,,,,,,,,,0.026627218934911243,0.5364891518737672,0.04437869822485207,0.3747534516765286,0.01775147928994083,0.19723865877712032,0.005917159763313609,0.25443786982248523,0.23175542406311636,0.3106508875739645,,,,,,,,,,,,,,,,,,,,,,,,,,,,,,,0.0029585798816568047,0.02465483234714004,0.5226824457593688,0.0029585798816568047,0.4467455621301775,0.006903353057199211,0.5473372781065089,0.10848126232741617,0.005917159763313609,0.33136094674556216,0.022682445759368838,0.01282051282051282,0.5216962524654832,0.020710059171597635,0.4151873767258383,0.006903353057199211,,,,,0.0019267822736030828,0.14258188824662812,,0.8554913294797688,,,,,0.0038535645472061657,0.7052023121387283,0.0019267822736030828,0.28901734104046245,,,,,0.0029585798816568047,0.05325443786982249,0.4437869822485207,0.41420118343195267,0.08284023668639054,0.0029585798816568047,0.01873767258382643,0.4516765285996055,0.4418145956607495,0.004930966469428008,0.08284023668639054,,,,,,,,,,,,,,,,,,,,,,,,0.33136094674556216,0.42998027613412226,0.0019723865877712033,0.05128205128205128,0.1844181459566075,0.0009861932938856016,,,,,,,,,,,,,,,,,,,,,,,,,,,,,,,,,,,,,,,,,,,0.34615384615384615,0.022682445759368838,0.008875739644970414,0.44871794871794873,0.17357001972386588,0.029585798816568046,0.0621301775147929,0.20710059171597633,0.17159763313609466,0.23767258382642997,0.2869822485207101,0.004930966469428008,0.01775147928994083,0.5009861932938856,0.23372781065088757,0.24260355029585798,0.004930966469428008,0.0009861932938856016,0.5562130177514792,0.02564102564102564,0.14497041420118342,,0.27218934911242604,,,,,,,,0.03451676528599606,0.0039447731755424065,0.33629191321499013,0.15680473372781065,0.3234714003944773,0.14497041420118342,,,,,,,,,,,,0.3083083083083083,0.1011011011011011,0.13613613613613615,0.17117117117117117,0.2832832832832833,,,,0.055226824457593686,0.046351084812623275,0.4280078895463511,0.4625246548323471,0.007889546351084813,0.05621301775147929,0.07297830374753451,0.514792899408284,0.34615384615384615,0.009861932938856016,0.0011261261261261261,0.0045045045045045045,0.0022522522522522522,0.0033783783783783786,0.2533783783783784,,0.0045045045045045045,0.0022522522522522522,0.0045045045045045045,0.02027027027027027,,0.019144144144144143,0.0045045045045045045,0.00563063063063063,0.02927927927927928,0.06306306306306306,,0.5574324324324325,0.024774774774774775,0.055226824457593686,0.009861932938856016,0.5098619329388561,0.388560157790927,0.028599605522682446,0.007889546351084813,,,,,,
2011,0.010967098703888335,0.005982053838484547,0.003988035892323031,0.004985044865403789,0.006979062811565304,0.00897308075772682,0.007976071784646061,0.004985044865403789,0.0029910269192422734,0.003988035892323031,0.004985044865403789,0.013958125623130608,0.010967098703888335,0.007976071784646061,0.005982053838484547,0.009970089730807577,0.004985044865403789,0.007976071784646061,0.007976071784646061,0.009970089730807577,0.009970089730807577,0.009970089730807577,0.019940179461615155,0.011964107676969093,0.01794616151545364,0.019940179461615155,0.011964107676969093,0.01794616151545364,0.014955134596211365,0.01694915254237288,0.013958125623130608,0.01794616151545364,0.028913260219341975,0.020937188434695914,0.019940179461615155,0.023928215353938187,0.01694915254237288,0.024925224327018942,0.0259222333000997,0.024925224327018942,0.026919242273180457,0.01794616151545364,0.022931206380857428,0.018943170488534396,0.018943170488534396,0.026919242273180457,0.026919242273180457,0.03090727816550349,0.014955134596211365,0.010967098703888335,0.018943170488534396,0.014955134596211365,0.01694915254237288,0.015952143569292122,0.01794616151545364,0.019940179461615155,0.01296111665004985,0.022931206380857428,0.019940179461615155,0.005982053838484547,0.013958125623130608,0.009970089730807577,0.015952143569292122,0.007976071784646061,0.0019940179461615153,0.007976071784646061,0.004985044865403789,0.009970089730807577,0.003988035892323031,0.0019940179461615153,0.004985044865403789,0.003988035892323031,0.0019940179461615153,0.0009970089730807576,0.004985044865403789,0.0019940179461615153,,,,0.0009970089730807576,,0.0019940179461615153,0.33986287952987265,0.03623898139079334,0.2566111655239961,0.3672869735553379,,,,,,,,,,,,0.030362389813907934,0.5582761998041136,0.05582761998041136,0.34573947110675807,0.009794319294809012,0.1743388834476004,0.015670910871694418,0.2899118511263467,0.24387855044074436,0.2761998041136141,,,,,,,,,,,,,,,,,,,,,,,,,,,,,,,0.005876591576885406,0.02056807051909892,0.356513222331048,0.004897159647404506,0.6121449559255632,0.011753183153770812,0.4583741429970617,0.06366307541625857,0.005876591576885406,0.4603330068560235,0.03525954946131244,0.04113614103819784,0.5328109696376102,0.014691478942213516,0.376101860920666,,,,,,,,,,,,,,,,,,,,,,,0.07639569049951028,0.4250734573947111,0.4103819784524976,0.08619000979431929,0.0019588638589618022,0.023506366307541625,0.42115572967678744,0.4603330068560235,0.010773751224289911,0.0842311459353575,,,,,,,,,,,,,,,,,,,,,,,,0.29774730656219395,0.4534769833496572,0.002938295788442703,0.06660137120470128,0.178256611165524,0.0009794319294809011,,,,,,,,,,,,,,,,,,,,,,,,,,,,,,,,,,,,,,,,,,,0.34084231145935356,0.01860920666013712,0.004897159647404506,0.4524975514201763,0.1831537708129285,,,,,,,,0.021547502448579822,0.4632713026444662,0.267384916748286,0.24289911851126347,0.004897159647404506,0.0019588638589618022,0.544564152791381,0.030362389813907934,0.14985308521057786,0.004897159647404506,0.2683643486777669,,,,,,,,0.04211557296767875,0.0039177277179236044,0.3095004897159647,0.1811949069539667,0.31733594515181196,0.14593535749265427,,,,,,,,,,,,0.2914572864321608,0.08944723618090453,0.13165829145728644,0.1628140703517588,0.3246231155778894,,,,0.04407443682664055,0.058765915768854066,0.3751224289911851,0.5132223310479922,0.00881488736532811,0.05190989226248776,0.06856023506366307,0.5181194906953966,0.356513222331048,0.004897159647404506,0.0011148272017837235,,0.0011148272017837235,0.004459308807134894,0.20958751393534003,0.0011148272017837235,0.005574136008918618,0.0011148272017837235,0.006688963210702341,0.0189520624303233,,0.014492753623188406,0.008918617614269788,0.012263099219620958,0.01560758082497213,0.0858416945373467,0.002229654403567447,0.5696767001114827,0.04124860646599777,0.06300813008130081,0.02032520325203252,0.4695121951219512,0.4247967479674797,0.016260162601626018,0.006097560975609756,,,,,,
2012,0.008840864440078585,0.009823182711198428,0.005893909626719057,0.009823182711198428,0.011787819253438114,0.005893909626719057,0.011787819253438114,0.0068762278978389,0.009823182711198428,0.0068762278978389,0.007858546168958742,0.012770137524557957,0.012770137524557957,0.008840864440078585,0.0137524557956778,0.012770137524557957,0.0068762278978389,0.012770137524557957,0.004911591355599214,0.008840864440078585,0.007858546168958742,0.007858546168958742,0.014734774066797643,0.008840864440078585,0.011787819253438114,0.018664047151277015,0.007858546168958742,0.014734774066797643,0.012770137524557957,0.015717092337917484,0.012770137524557957,0.014734774066797643,0.022593320235756387,0.009823182711198428,0.021611001964636542,0.022593320235756387,0.007858546168958742,0.018664047151277015,0.021611001964636542,0.0206286836935167,0.01768172888015717,0.0275049115913556,0.02455795677799607,0.022593320235756387,0.019646365422396856,0.0275049115913556,0.018664047151277015,0.03732809430255403,0.014734774066797643,0.01669941060903733,0.02848722986247544,0.023575638506876228,0.025540275049115914,0.014734774066797643,0.0206286836935167,0.022593320235756387,0.0137524557956778,0.018664047151277015,0.014734774066797643,0.012770137524557957,0.0068762278978389,0.007858546168958742,0.014734774066797643,0.007858546168958742,0.010805500982318271,0.0068762278978389,0.005893909626719057,0.0019646365422396855,0.005893909626719057,0.004911591355599214,0.007858546168958742,0.0019646365422396855,0.003929273084479371,0.0029469548133595285,,0.0009823182711198428,0.0009823182711198428,0.0009823182711198428,,,,0.0009823182711198428,0.345703125,0.029296875,0.255859375,0.369140625,,,,,,,,,,,,0.015625,0.5419921875,0.0576171875,0.3642578125,0.0205078125,0.1884765625,0.01171875,0.28125,0.2333984375,0.28515625,,,,,,,,,,,,,,,,,,,,,,,,,,,,,,,0.01171875,0.0234375,0.4599609375,0.0029296875,0.501953125,0.0126953125,0.4951171875,0.064453125,0.0078125,0.419921875,0.0283203125,0.0283203125,0.5078125,0.021484375,0.400390625,0.013671875,,,,,,,,,,,,,,,,,,,,,0.00390625,0.0712890625,0.4384765625,0.40234375,0.0830078125,0.0009765625,0.0224609375,0.4462890625,0.44140625,0.005859375,0.083984375,,,,,,,,,,,,,,,,,,,,,,,,0.2939453125,0.4755859375,0.001953125,0.0595703125,0.1669921875,0.001953125,0.0068359375,0.626953125,0.361328125,0.0048828125,,,,,,,,,0.0283203125,0.615234375,0.3505859375,0.005859375,,,,,0.0419921875,0.54296875,0.4140625,0.0009765625,0.0166015625,0.6767578125,0.3037109375,0.0029296875,0.01171875,0.63671875,0.3505859375,0.0009765625,,,,,,,,,,,0.3056640625,0.017578125,0.0068359375,0.455078125,0.21484375,,,,,,,,0.0205078125,0.451171875,0.27734375,0.248046875,0.0029296875,0.00390625,0.568359375,0.02734375,0.123046875,0.0029296875,0.2744140625,,,,,,,,0.026871401151631478,0.009596928982725527,0.32821497120921306,0.16698656429942418,0.2629558541266795,0.2053742802303263,,,,,,,0.03578528827037773,0.3658051689860835,0.011928429423459244,0.5864811133200796,,0.29429133858267714,0.09744094488188976,0.15846456692913385,0.15059055118110237,0.2992125984251969,,,,0.03515625,0.0478515625,0.3984375,0.5087890625,0.009765625,0.0341796875,0.0595703125,0.52734375,0.3720703125,0.0068359375,0.0011074197120708748,0.0022148394241417496,0.0011074197120708748,0.004429678848283499,0.2513842746400886,,0.008859357696566999,0.0022148394241417496,0.0011074197120708748,0.031007751937984496,,0.031007751937984496,0.005537098560354375,0.004429678848283499,0.021040974529346623,0.06866002214839424,,0.5348837209302325,0.031007751937984496,0.0671785028790787,0.015355086372360844,0.45297504798464494,0.4491362763915547,0.005758157389635317,0.009596928982725527,,,,,,
2013,0.015904572564612324,0.009940357852882704,0.009940357852882704,0.010934393638170975,0.012922465208747515,0.008946322067594433,0.013916500994035786,0.011928429423459244,0.007952286282306162,0.014910536779324055,0.008946322067594433,0.012922465208747515,0.012922465208747515,0.009940357852882704,0.015904572564612324,0.008946322067594433,0.013916500994035786,0.005964214711729622,0.009940357852882704,0.016898608349900597,0.010934393638170975,0.014910536779324055,0.018886679920477135,0.008946322067594433,0.012922465208747515,0.009940357852882704,0.010934393638170975,0.015904572564612324,0.008946322067594433,0.009940357852882704,0.017892644135188866,0.014910536779324055,0.019880715705765408,0.017892644135188866,0.018886679920477135,0.015904572564612324,0.0268389662027833,0.015904572564612324,0.02286282306163022,0.02286282306163022,0.02186878727634195,0.018886679920477135,0.03180914512922465,0.02882703777335984,0.019880715705765408,0.008946322067594433,0.015904572564612324,0.02584493041749503,0.027833001988071572,0.02186878727634195,0.011928429423459244,0.015904572564612324,0.019880715705765408,0.016898608349900597,0.014910536779324055,0.013916500994035786,0.018886679920477135,0.011928429423459244,0.011928429423459244,0.011928429423459244,0.012922465208747515,0.008946322067594433,0.005964214711729622,0.009940357852882704,0.008946322067594433,0.004970178926441352,0.006958250497017893,0.0019880715705765406,0.003976143141153081,0.003976143141153081,0.002982107355864811,0.0019880715705765406,0.0009940357852882703,0.0019880715705765406,0.002982107355864811,,,,,,,0.0009940357852882703,0.32778864970645794,0.030332681017612523,0.2671232876712329,0.3747553816046967,,,,,,,,,,,,0.02837573385518591,0.4892367906066536,0.049902152641878667,0.41193737769080235,0.02054794520547945,0.18590998043052837,0.010763209393346379,0.2710371819960861,0.23385518590998042,0.2984344422700587,0.018590998043052837,0.41291585127201563,0.3082191780821918,0.005870841487279843,0.25440313111545987,0.014677103718199608,0.10273972602739725,0.6614481409001957,0.0019569471624266144,0.2191780821917808,0.02054794520547945,0.3238747553816047,0.38747553816046965,0.004892367906066536,0.26320939334637966,0.009784735812133072,0.3199608610567515,0.4598825831702544,0.0019569471624266144,0.20841487279843443,0.012720156555772993,0.11643835616438356,0.7446183953033269,0.003913894324853229,0.1223091976516634,0.007827788649706457,0.14285714285714285,0.7025440313111546,0.0029354207436399216,0.14383561643835616,,,,,,0.015655577299412915,0.5195694716242661,0.11839530332681017,0.008806262230919765,0.337573385518591,0.026418786692759294,0.018590998043052837,0.48238747553816047,0.025440313111545987,0.4315068493150685,0.015655577299412915,,,,,,,,,,,,,,,,,,,,,0.004892367906066536,0.07338551859099804,0.4295499021526419,0.41389432485322897,0.07729941291585127,0.0009784735812133072,0.03228962818003914,0.4158512720156556,0.474559686888454,0.00684931506849315,0.07045009784735812,,,,,,,,,,,,,,,,,,,,,,,,0.3199608610567515,0.42563600782778865,0.0009784735812133072,0.06555772994129158,0.18786692759295498,,,,,,,,,,,,,,,,,,,,,,,,,,,,,,,,,,,,,,,,,,,,0.31800391389432486,0.019569471624266144,0.003913894324853229,0.4755381604696673,0.18297455968688844,,,,,,,,0.023483365949119372,0.40998043052837574,0.3131115459882583,0.24853228962818003,0.004892367906066536,0.003913894324853229,0.538160469667319,0.03131115459882583,0.149706457925636,0.0009784735812133072,0.2759295499021526,,,,,,,,0.022504892367906065,0.009784735812133072,0.33463796477495106,0.20645792563600782,0.22211350293542073,0.2045009784735812,,,,,,,,,,,,0.337,0.094,0.133,0.154,0.282,,,,0.04207436399217221,0.04500978473581213,0.4227005870841487,0.48140900195694714,0.008806262230919765,0.03424657534246575,0.06457925636007827,0.5264187866927593,0.3659491193737769,0.008806262230919765,0.0023014959723820483,0.006904487917146145,0.0011507479861910242,0.005753739930955121,0.24971231300345226,,0.009205983889528193,0.010356731875719217,0.0034522439585730723,0.023014959723820484,,0.019562715765247412,0.005753739930955121,0.0011507479861910242,0.018411967779056387,0.09551208285385501,,0.5166858457997698,0.031070195627157654,0.07099391480730223,0.02231237322515213,0.5070993914807302,0.37322515212981744,0.008113590263691683,0.018255578093306288,,,,,,
2014,0.017391304347826087,0.00966183574879227,0.00676328502415459,0.012560386473429951,0.005797101449275362,0.014492753623188406,0.007729468599033816,0.018357487922705314,0.00966183574879227,0.010628019323671498,0.010628019323671498,0.007729468599033816,0.015458937198067632,0.00676328502415459,0.011594202898550725,0.012560386473429951,0.008695652173913044,0.012560386473429951,0.011594202898550725,0.012560386473429951,0.015458937198067632,0.00966183574879227,0.01642512077294686,0.007729468599033816,0.017391304347826087,0.015458937198067632,0.01642512077294686,0.015458937198067632,0.00966183574879227,0.015458937198067632,0.017391304347826087,0.017391304347826087,0.015458937198067632,0.014492753623188406,0.018357487922705314,0.017391304347826087,0.02608695652173913,0.02608695652173913,0.021256038647342997,0.01932367149758454,0.018357487922705314,0.017391304347826087,0.03188405797101449,0.01642512077294686,0.018357487922705314,0.022222222222222223,0.01352657004830918,0.021256038647342997,0.020289855072463767,0.028019323671497585,0.017391304347826087,0.012560386473429951,0.022222222222222223,0.00966183574879227,0.01932367149758454,0.014492753623188406,0.010628019323671498,0.01642512077294686,0.017391304347826087,0.010628019323671498,0.01352657004830918,0.007729468599033816,0.014492753623188406,0.007729468599033816,0.00676328502415459,0.00676328502415459,0.002898550724637681,0.004830917874396135,0.003864734299516908,0.004830917874396135,0.001932367149758454,0.001932367149758454,0.003864734299516908,0.000966183574879227,,0.000966183574879227,0.001932367149758454,,,,,0.000966183574879227,0.3520992366412214,0.026717557251908396,0.2652671755725191,0.35591603053435117,,,,,,,,,,,,0.02862595419847328,0.4541984732824427,0.04484732824427481,0.44656488549618323,0.025763358778625955,0.20229007633587787,0.0057251908396946565,0.3005725190839695,0.23282442748091603,0.258587786259542,,,,,,,,,,,,,,,,,,,,,,,,,,,,,,,,,,,,0.012404580152671756,0.5114503816793893,0.16793893129770993,0.007633587786259542,0.3005725190839695,0.04484732824427481,0.022900763358778626,0.43416030534351147,0.01812977099236641,0.4666030534351145,0.013358778625954198,,,,,,,,,,,,,,,,,,,,,0.0057251908396946565,0.06393129770992366,0.42843511450381677,0.4036259541984733,0.09732824427480916,0.0009541984732824427,0.01049618320610687,0.4312977099236641,0.49427480916030536,0.0057251908396946565,0.05820610687022901,,,,,,,,,,,,,,,,,,,,,,,,0.2824427480916031,0.4732824427480916,,0.06297709923664122,0.18129770992366412,,0.004770992366412214,0.642175572519084,0.3501908396946565,0.0028625954198473282,,,,,,,,,0.016221374045801526,0.6316793893129771,0.3473282442748092,0.004770992366412214,,,,,0.02194656488549618,0.5028625954198473,0.47041984732824427,0.004770992366412214,0.009541984732824428,0.6049618320610687,0.3845419847328244,0.0009541984732824427,0.008587786259541985,0.6326335877862596,0.3568702290076336,0.0019083969465648854,,,,,,,,,,,0.31774809160305345,0.01049618320610687,0.003816793893129771,0.45896946564885494,0.20896946564885496,,,,,,,,0.012404580152671756,0.4570610687022901,0.3053435114503817,0.21946564885496184,0.0057251908396946565,,0.523854961832061,0.022900763358778626,0.13740458015267176,,0.31583969465648853,,,,,,,,,,,,,,,,,,,,,,,,,0.2880859375,0.09765625,0.14453125,0.18359375,0.2861328125,,,,0.03244274809160305,0.04580152671755725,0.383587786259542,0.5305343511450382,0.007633587786259542,0.026717557251908396,0.04961832061068702,0.4904580152671756,0.42748091603053434,0.0057251908396946565,0.0011210762331838565,,0.006726457399103139,0.002242152466367713,0.265695067264574,,0.013452914798206279,0.004484304932735426,0.0033632286995515697,0.02466367713004484,,0.014573991031390135,0.008968609865470852,0.005605381165919282,0.028026905829596414,0.08408071748878924,0.0011210762331838565,0.4977578475336323,0.03811659192825112,0.041121495327102804,0.013084112149532711,0.5401869158878505,0.3850467289719626,0.011214953271028037,0.009345794392523364,0.2378167641325536,0.2300194931773879,,0.20272904483430798,0.32748538011695905,0.001949317738791423
2015,0.017964071856287425,0.008982035928143712,0.013972055888223553,0.008982035928143712,0.008982035928143712,0.012974051896207584,0.007984031936127744,0.006986027944111776,0.005988023952095809,0.010978043912175649,0.014970059880239521,0.008982035928143712,0.00499001996007984,0.00499001996007984,0.011976047904191617,0.014970059880239521,0.015968063872255488,0.008982035928143712,0.008982035928143712,0.008982035928143712,0.007984031936127744,0.007984031936127744,0.016966067864271458,0.003992015968063872,0.013972055888223553,0.010978043912175649,0.013972055888223553,0.018962075848303395,0.014970059880239521,0.010978043912175649,0.012974051896207584,0.013972055888223553,0.023952095808383235,0.011976047904191617,0.016966067864271458,0.021956087824351298,0.017964071856287425,0.022954091816367265,0.012974051896207584,0.016966067864271458,0.0249500998003992,0.016966067864271458,0.02694610778443114,0.021956087824351298,0.021956087824351298,0.014970059880239521,0.022954091816367265,0.020958083832335328,0.03093812375249501,0.031936127744510975,0.036926147704590816,0.016966067864271458,0.022954091816367265,0.014970059880239521,0.014970059880239521,0.014970059880239521,0.013972055888223553,0.012974051896207584,0.011976047904191617,0.005988023952095809,0.008982035928143712,0.005988023952095809,0.010978043912175649,0.006986027944111776,0.00998003992015968,0.007984031936127744,0.00998003992015968,0.012974051896207584,0.003992015968063872,0.00499001996007984,0.003992015968063872,0.000998003992015968,0.001996007984031936,0.001996007984031936,0.001996007984031936,0.001996007984031936,0.000998003992015968,,,,,0.000998003992015968,,,,,,,,,,,,,,,,0.026341463414634145,0.4478048780487805,0.06341463414634146,0.4497560975609756,0.012682926829268294,0.21560975609756097,0.011707317073170732,0.288780487804878,0.18829268292682927,0.29560975609756096,0.011707317073170732,0.44,0.27902439024390246,0.003902439024390244,0.2653658536585366,0.014634146341463415,0.10829268292682927,0.5795121951219512,0.001951219512195122,0.29560975609756096,0.02926829268292683,0.3336585365853659,0.3648780487804878,0.004878048780487805,0.2673170731707317,0.00878048780487805,0.2819512195121951,0.43317073170731707,0.003902439024390244,0.27219512195121953,0.002926829268292683,0.09658536585365854,0.7785365853658537,0.002926829268292683,0.11902439024390243,0.013658536585365854,0.144390243902439,0.697560975609756,0.002926829268292683,0.14146341463414633,,,,,,0.012682926829268294,0.5063414634146342,0.23804878048780487,0.004878048780487805,0.23804878048780487,0.04097560975609756,0.03414634146341464,0.4292682926829268,0.018536585365853658,0.4585365853658537,0.018536585365853658,,,,,,,,,,,,,,,,,,,,,0.005853658536585366,0.07512195121951219,0.44682926829268294,0.38634146341463416,0.08390243902439025,0.001951219512195122,0.021463414634146343,0.424390243902439,0.4819512195121951,0.000975609756097561,0.07121951219512195,,,,,,,,,,,,,,,,,,,,,,,,,,,,,,,,,,,,,,,,,,,,,,,,,,,,,,,,,,,,,,,,,,,,0.14829268292682926,0.4380487804878049,0.4058536585365854,0.007804878048780488,0.3229268292682927,0.0175609756097561,0.001951219512195122,0.4634146341463415,0.19414634146341464,,,,,,,,0.013658536585365854,0.4497560975609756,0.3258536585365854,0.20585365853658535,0.004878048780487805,0.002926829268292683,0.52,0.03414634146341464,0.17560975609756097,0.001951219512195122,0.2653658536585366,,,,,,,,0.037073170731707315,0.005853658536585366,0.33658536585365856,0.1951219512195122,0.2048780487804878,0.22048780487804878,,,,,,,,,,,,0.2718253968253968,0.11011904761904762,0.12698412698412698,0.18253968253968253,0.30853174603174605,,,,0.04390243902439024,0.04780487804878049,0.37658536585365854,0.5287804878048781,0.002926829268292683,0.03121951219512195,0.05170731707317073,0.5004878048780488,0.41268292682926827,0.003902439024390244,0.0011173184357541898,0.0022346368715083797,,0.00782122905027933,0.2558659217877095,0.0011173184357541898,0.0067039106145251395,0.0033519553072625698,0.0033519553072625698,0.024581005586592177,0.0011173184357541898,0.027932960893854747,0.008938547486033519,0.00558659217877095,0.01564245810055866,0.08715083798882682,0.0033519553072625698,0.5106145251396648,0.0335195530726257,,,,,,,0.2897560975609756,0.23609756097560974,0.001951219512195122,0.23121951219512196,0.23902439024390243,0.001951219512195122
2016,0.014184397163120567,0.013171225937183385,0.0182370820668693,0.015197568389057751,0.0060790273556231,0.013171225937183385,0.005065856129685917,0.010131712259371834,0.014184397163120567,0.010131712259371834,0.0121580547112462,0.011144883485309016,0.011144883485309016,0.010131712259371834,0.010131712259371834,0.011144883485309016,0.00303951367781155,0.017223910840932118,0.013171225937183385,0.00911854103343465,0.015197568389057751,0.0121580547112462,0.015197568389057751,0.005065856129685917,0.013171225937183385,0.014184397163120567,0.0121580547112462,0.022289766970618033,0.014184397163120567,0.013171225937183385,0.013171225937183385,0.0121580547112462,0.017223910840932118,0.0182370820668693,0.017223910840932118,0.015197568389057751,0.0182370820668693,0.0182370820668693,0.020263424518743668,0.017223910840932118,0.017223910840932118,0.025329280648429583,0.02735562310030395,0.020263424518743668,0.02634245187436677,0.013171225937183385,0.029381965552178316,0.03343465045592705,0.029381965552178316,0.0182370820668693,0.015197568389057751,0.025329280648429583,0.020263424518743668,0.013171225937183385,0.016210739614994935,0.0121580547112462,0.013171225937183385,0.015197568389057751,0.008105369807497468,0.010131712259371834,0.010131712259371834,0.010131712259371834,0.00911854103343465,0.008105369807497468,0.005065856129685917,0.0060790273556231,0.005065856129685917,0.005065856129685917,0.002026342451874367,0.004052684903748734,0.00303951367781155,0.002026342451874367,0.00303951367781155,0.0010131712259371835,0.0010131712259371835,0.0010131712259371835,0.0010131712259371835,0.0010131712259371835,,,,0.0010131712259371835,0.38469087340529934,0.033366045142296366,0.24730127576054955,0.33464180569185475,,,,,,,,,,,,0.021589793915603533,0.3915603532875368,0.052011776251226695,0.5240431795878312,0.010794896957801767,0.24043179587831207,0.013738959764474975,0.2266928361138371,0.19921491658488713,0.3199214916584887,,,,,,,,,,,,,,,,,,,,,,,,,,,,,,,0.004906771344455349,0.021589793915603533,0.6997055937193327,0.003925417075564278,0.2698724239450442,0.014720314033366046,0.4985279685966634,0.25024533856722275,0.003925417075564278,0.2325809617271835,0.021589793915603533,0.023552502453385672,0.3621197252208047,0.010794896957801767,0.5721295387634936,0.009813542688910697,,,,,,,,,,,,,,,,,0.0068694798822374874,0.5691854759568205,0.002944062806673209,0.4210009813542689,0.0068694798822374874,0.06084396467124632,0.38272816486751715,0.44847890088321885,0.09911678115799803,0.001962708537782139,0.020608439646712464,0.35819430814524045,0.5466143277723258,0.0068694798822374874,0.06771344455348381,,,,,,,,,,,,,,,,,,,,,,,,,,,,,,,,,,,,,,,,,,,,,,,,,,,,,,,,,,,,,,,,,,,,0.11383709519136408,0.3680078508341511,0.5103042198233563,0.007850834151128557,0.2855740922473013,0.019627085377821395,0.002944062806673209,0.5603532875368008,0.13150147203140333,,,,,,,,0.017664376840039256,0.36408243375858684,0.37978410206084395,0.23748773307163887,0.0009813542688910696,0.001962708537782139,0.5564278704612365,0.038272816486751716,0.14720314033366044,,0.2561334641805692,,,,,,,,0.018645731108930325,0.004906771344455349,0.2885181550539745,0.24435721295387636,0.19234543670264967,0.2512266928361138,,,,,,,,,,,,0.3276553106212425,0.07915831663326653,0.1533066132264529,0.15531062124248496,0.2845691382765531,,,,0.03631010794896958,0.05103042198233562,0.4602551521099117,0.4524043179587831,,0.017664376840039256,0.058881256133464184,0.5299313052011776,0.39254170755642787,0.0009813542688910696,,0.002398081534772182,0.001199040767386091,0.0035971223021582736,0.2745803357314149,,0.008393285371702638,0.005995203836930456,0.001199040767386091,0.03237410071942446,,0.022781774580335732,0.01079136690647482,0.011990407673860911,0.02997601918465228,0.08633093525179857,0.002398081534772182,0.4556354916067146,0.050359712230215826,0.047619047619047616,0.021825396825396824,0.5773809523809523,0.3194444444444444,0.025793650793650792,0.007936507936507936,0.2590775269872424,0.3209028459273798,0.002944062806673209,0.21197252208047104,0.20510304219823355,
2017,0.017928286852589643,0.008964143426294821,0.014940239043824702,0.01195219123505976,0.014940239043824702,0.0069721115537848604,0.013944223107569721,0.025896414342629483,0.008964143426294821,0.01693227091633466,0.0099601593625498,0.008964143426294821,0.012948207171314742,0.010956175298804782,0.014940239043824702,0.0049800796812749,0.00796812749003984,0.017928286852589643,0.0099601593625498,0.01195219123505976,0.013944223107569721,0.00796812749003984,0.01693227091633466,0.014940239043824702,0.013944223107569721,0.012948207171314742,0.008964143426294821,0.008964143426294821,0.012948207171314742,0.010956175298804782,0.017928286852589643,0.013944223107569721,0.0099601593625498,0.014940239043824702,0.014940239043824702,0.01195219123505976,0.022908366533864542,0.01693227091633466,0.01195219123505976,0.0199203187250996,0.02091633466135458,0.018924302788844622,0.03386454183266932,0.01693227091633466,0.025896414342629483,0.02390438247011952,0.02091633466135458,0.02888446215139442,0.017928286852589643,0.012948207171314742,0.013944223107569721,0.022908366533864542,0.02888446215139442,0.013944223107569721,0.014940239043824702,0.014940239043824702,0.01693227091633466,0.012948207171314742,0.010956175298804782,0.0099601593625498,0.012948207171314742,0.00796812749003984,0.01195219123505976,0.00398406374501992,0.00597609561752988,0.01195219123505976,0.00597609561752988,0.00398406374501992,0.00597609561752988,0.00298804780876494,0.00398406374501992,0.00099601593625498,0.00099601593625498,0.00099601593625498,0.00199203187250996,0.00199203187250996,0.00199203187250996,0.00099601593625498,,,0.00099601593625498,,0.40471512770137524,0.03339882121807466,0.2593320235756385,0.3025540275049116,,,,,,,,,,,,0.021611001964636542,0.3919449901768173,0.0481335952848723,0.5206286836935167,0.01768172888015717,0.2544204322200393,0.005893909626719057,0.224950884086444,0.20923379174852652,0.3055009823182711,,,,,,,,,,,,,,,,,,,,,,,,,,,,,,,,,,,,0.02455795677799607,0.5088408644400786,0.2544204322200393,0.009823182711198428,0.20235756385068762,0.025540275049115914,0.01669941060903733,0.3762278978388998,0.004911591355599214,0.5589390962671905,0.01768172888015717,,,,,,,,,0.0068762278978389,0.8919449901768173,0.0019646365422396855,0.09921414538310412,,,,,,,,,0.0029469548133595285,0.07662082514734773,0.4430255402750491,0.3968565815324165,0.0756385068762279,0.004911591355599214,0.01768172888015717,0.37524557956778,0.550098231827112,0.007858546168958742,0.04911591355599214,,,,,,,,,,,,,,,,,,,,,,,,,,,,,,,,,,,,,,,,,,,,,,,,,,0.03241650294695481,0.48722986247544203,0.47347740667976423,0.0068762278978389,0.009823182711198428,0.47544204322200395,0.5127701375245579,0.0019646365422396855,0.011787819253438114,0.724950884086444,0.26227897838899805,0.0009823182711198428,,,,,,,0.08840864440078586,0.3742632612966601,0.5284872298624754,0.008840864440078585,0.2829076620825147,0.018664047151277015,0.005893909626719057,0.5530451866404715,0.13948919449901767,,,,,,,,0.015717092337917484,0.3664047151277014,0.3182711198428291,0.29469548133595286,0.004911591355599214,0.0009823182711198428,0.5216110019646365,0.0275049115913556,0.14243614931237722,,0.3074656188605108,,,,,,,,,,,,,,,,,,,,,,,,,0.3013013013013013,0.07807807807807808,0.16416416416416416,0.16016016016016016,0.2962962962962963,,,,0.0206286836935167,0.022593320235756387,0.4823182711198428,0.46954813359528486,0.004911591355599214,0.015717092337917484,0.03536345776031434,0.3781925343811395,0.5658153241650294,0.004911591355599214,0.0035714285714285713,0.002380952380952381,0.002380952380952381,0.004761904761904762,0.24761904761904763,,0.007142857142857143,0.004761904761904762,0.0035714285714285713,0.0380952380952381,0.0011904761904761906,0.014285714285714285,0.008333333333333333,0.0035714285714285713,0.01904761904761905,0.10476190476190476,0.002380952380952381,0.48214285714285715,0.05,0.025193798449612403,0.023255813953488372,0.5833333333333334,0.35271317829457366,0.009689922480620155,0.005813953488372093,,,,,,
2018,0.011650485436893204,0.009708737864077669,0.01262135922330097,0.014563106796116505,0.008737864077669903,0.007766990291262136,0.017475728155339806,0.014563106796116505,0.014563106796116505,0.008737864077669903,0.017475728155339806,0.01262135922330097,0.011650485436893204,0.013592233009708738,0.01262135922330097,0.014563106796116505,0.006796116504854369,0.011650485436893204,0.011650485436893204,0.010679611650485437,0.01650485436893204,0.008737864077669903,0.010679611650485437,0.013592233009708738,0.010679611650485437,0.015533980582524271,0.008737864077669903,0.014563106796116505,0.014563106796116505,0.020388349514563107,0.018446601941747572,0.013592233009708738,0.01650485436893204,0.013592233009708738,0.017475728155339806,0.013592233009708738,0.015533980582524271,0.02233009708737864,0.01650485436893204,0.021359223300970873,0.021359223300970873,0.019417475728155338,0.02330097087378641,0.010679611650485437,0.02524271844660194,0.021359223300970873,0.017475728155339806,0.019417475728155338,0.02233009708737864,0.02524271844660194,0.02330097087378641,0.014563106796116505,0.031067961165048542,0.020388349514563107,0.019417475728155338,0.018446601941747572,0.01262135922330097,0.007766990291262136,0.014563106796116505,0.014563106796116505,0.006796116504854369,0.008737864077669903,0.0048543689320388345,0.008737864077669903,0.007766990291262136,0.006796116504854369,0.0048543689320388345,0.006796116504854369,0.000970873786407767,0.000970873786407767,0.003883495145631068,0.001941747572815534,0.002912621359223301,0.000970873786407767,,0.001941747572815534,0.000970873786407767,0.000970873786407767,,,,,0.37271853986551395,0.026897214217098942,0.2622478386167147,0.3381364073006724,0.0009606147934678194,0.0941402497598463,0.34774255523535064,0.4514889529298751,0.10278578290105668,0.002881844380403458,0.01633045148895293,0.547550432276657,0.3621517771373679,0.0067243035542747355,0.06724303554274735,0.02881844380403458,0.3554274735830932,0.04226705091258405,0.5619596541786743,0.011527377521613832,0.2478386167146974,0.008645533141210375,0.21709894332372717,0.20461095100864554,0.3218059558117195,,,,,,,,,,,,,,,,,,,,,,,,,,,,,,,,,,,,0.01921229586935639,0.4918347742555235,0.2622478386167147,0.005763688760806916,0.22094140249759847,0.02881844380403458,0.01440922190201729,0.3573487031700288,0.01633045148895293,0.5734870317002881,0.009606147934678195,,,,,,,,,,,,,,,,,0.002881844380403458,0.5590778097982709,0.0019212295869356388,0.43611911623439004,0.0009606147934678194,0.07204610951008646,0.36983669548511044,0.44764649375600385,0.10662824207492795,0.002881844380403458,0.012487992315081652,0.34870317002881845,0.5821325648414986,0.0067243035542747355,0.049951969260326606,,,,,,,,,,,,,,,,,,,,,,,,,,,,,,,,,,0.01536983669548511,0.3170028818443804,0.6609029779058597,0.0067243035542747355,,,,,0.013448607108549471,0.6618635926993276,0.31796349663784823,0.0067243035542747355,,,,,0.03554274735830932,0.47646493756003844,0.48318924111431316,0.004803073967339097,0.01536983669548511,0.44284341978866476,0.5398655139289145,0.0019212295869356388,0.002881844380403458,0.7550432276657061,0.23631123919308358,0.005763688760806916,,,,,,,,,,,0.3045148895292987,0.008645533141210375,0.0038424591738712775,0.5965417867435159,0.08645533141210375,,,,,,,,0.012487992315081652,0.366954851104707,0.3746397694524496,0.24591738712776176,,0.0009606147934678194,0.5283381364073007,0.026897214217098942,0.13160422670509125,0.0009606147934678194,0.3112391930835735,,,,,,,,,,,,,,,,,,,,,,,,,0.28669275929549903,0.10763209393346379,0.17416829745596868,0.16536203522504891,0.26614481409001955,,,,0.0393852065321806,0.04707012487992315,0.38424591738712777,0.521613832853026,0.007684918347742555,0.01825168107588857,0.05475504322766571,0.3400576368876081,0.5811719500480308,0.005763688760806916,0.002380952380952381,0.004761904761904762,0.0011904761904761906,0.009523809523809525,0.2869047619047619,,0.0035714285714285713,0.004761904761904762,0.0011904761904761906,0.02857142857142857,0.002380952380952381,0.02023809523809524,0.005952380952380952,0.005952380952380952,0.02261904761904762,0.08333333333333333,0.002380952380952381,0.4666666666666667,0.047619047619047616,0.0326530612244898,0.0163265306122449,0.6142857142857143,0.3224489795918367,0.01020408163265306,0.004081632653061225,,,,,,
2019,0.012757605495583905,0.009813542688910697,0.004906771344455349,0.005888125613346418,0.010794896957801767,0.012757605495583905,0.013738959764474975,0.014720314033366046,0.017664376840039256,0.010794896957801767,0.010794896957801767,0.003925417075564278,0.018645731108930325,0.008832188420019628,0.015701668302257114,0.005888125613346418,0.005888125613346418,0.018645731108930325,0.016683022571148183,0.012757605495583905,0.016683022571148183,0.013738959764474975,0.016683022571148183,0.015701668302257114,0.016683022571148183,0.004906771344455349,0.008832188420019628,0.016683022571148183,0.007850834151128557,0.013738959764474975,0.017664376840039256,0.014720314033366046,0.016683022571148183,0.012757605495583905,0.018645731108930325,0.015701668302257114,0.023552502453385672,0.011776251226692836,0.018645731108930325,0.019627085377821395,0.019627085377821395,0.018645731108930325,0.017664376840039256,0.011776251226692836,0.015701668302257114,0.017664376840039256,0.015701668302257114,0.02453385672227674,0.018645731108930325,0.02453385672227674,0.02845927379784102,0.015701668302257114,0.018645731108930325,0.018645731108930325,0.02845927379784102,0.012757605495583905,0.015701668302257114,0.011776251226692836,0.010794896957801767,0.008832188420019628,0.015701668302257114,0.012757605495583905,0.016683022571148183,0.008832188420019628,0.003925417075564278,0.012757605495583905,0.002944062806673209,0.007850834151128557,0.001962708537782139,0.0068694798822374874,0.003925417075564278,0.005888125613346418,0.002944062806673209,0.0009813542688910696,0.002944062806673209,0.0009813542688910696,0.0009813542688910696,0.0009813542688910696,0.001962708537782139,0.0009813542688910696,,,0.3811357074109721,0.03176130895091434,0.23195380173243504,0.3551491819056785,0.0028873917228103944,0.1472569778633301,0.3253128007699711,0.42059672762271416,0.10105871029836382,0.0028873917228103944,0.009624639076034648,0.5332050048123196,0.38209817131857554,0.007699711260827719,0.06737247353224254,0.011549566891241578,0.3156881616939365,0.03946102021174206,0.6227141482194418,0.010587102983638113,0.22040423484119345,0.007699711260827719,0.22810394610202117,0.2107795957651588,0.33301251203079885,0.00929368029739777,0.550185873605948,0.19516728624535315,0.0055762081784386614,0.23977695167286245,0.007434944237918215,0.1895910780669145,0.46654275092936803,0.0055762081784386614,0.3308550185873606,0.01486988847583643,0.34944237918215615,0.33271375464684017,0.0018587360594795538,0.30111524163568776,0.0018587360594795538,0.4516728624535316,0.26579925650557623,0.0037174721189591076,0.27695167286245354,0.007434944237918215,0.07434944237918216,0.8029739776951673,0.0037174721189591076,0.11152416356877323,0.0055762081784386614,0.11152416356877323,0.7137546468401487,0.0037174721189591076,0.1654275092936803,,,,,,,,,,,,,,,,,,,,,,,,,,,,,,,,,,,,,0.0038498556304138597,0.10490856592877768,0.3503368623676612,0.4032723772858518,0.13570741097208855,0.0019249278152069298,0.008662175168431183,0.3368623676612127,0.615014436958614,0.0028873917228103944,0.03657362848893166,,,,,,,,,,,,,,,,,,,,,,,,,,,,,,,,,,,,,,,,,,,,,,,,,,,,,,,,,,,,,,0.021956087824351298,0.2994011976047904,0.2155688622754491,0.007984031936127744,0.2874251497005988,0.16766467065868262,,,,,0.3070259865255053,0.006737247353224254,0.0009624639076034649,0.6044273339749759,0.08084696823869104,0.023099133782483156,0.1068334937439846,0.15495668912415783,0.19056785370548604,0.25601539942252166,0.2579403272377286,0.010587102983638113,0.012512030798845043,0.37054860442733395,0.39268527430221367,0.21944177093359,0.004812319538017324,0.0009624639076034649,0.548604427333975,0.021174205967276226,0.13763233878729547,0.0028873917228103944,0.28873917228103946,,,,,,,,0.01486988847583643,0.00929368029739777,0.33271375464684017,0.24721189591078066,0.19888475836431227,0.1970260223048327,,,,,,,0.02594810379241517,0.41916167664670656,0.005988023952095809,0.5489021956087824,,0.30528375733855184,0.08512720156555773,0.16144814090019569,0.1487279843444227,0.299412915851272,,,,0.0356111645813282,0.023099133782483156,0.4013474494706448,0.5370548604427334,0.0028873917228103944,0.016361886429258902,0.029836381135707413,0.3647738209817132,0.588065447545717,0.0009624639076034649,0.0023501762632197414,0.0023501762632197414,0.0011750881316098707,0.005875440658049354,0.23266745005875442,,0.0023501762632197414,0.004700352526439483,0.0035252643948296123,0.04230317273795535,,0.02702702702702703,0.008225616921269096,0.009400705052878966,0.022326674500587545,0.11633372502937721,0.0035252643948296123,0.4770857814336075,0.038777908343125736,,,,,,,,,,,,
2020,0.016966067864271458,0.012974051896207584,0.016966067864271458,0.011976047904191617,0.00998003992015968,0.011976047904191617,0.013972055888223553,0.011976047904191617,0.008982035928143712,0.008982035928143712,0.011976047904191617,0.012974051896207584,0.017964071856287425,0.008982035928143712,0.012974051896207584,0.006986027944111776,0.008982035928143712,0.014970059880239521,0.012974051896207584,0.010978043912175649,0.018962075848303395,0.017964071856287425,0.013972055888223553,0.011976047904191617,0.011976047904191617,0.007984031936127744,0.016966067864271458,0.00998003992015968,0.007984031936127744,0.00998003992015968,0.012974051896207584,0.014970059880239521,0.021956087824351298,0.006986027944111776,0.007984031936127744,0.023952095808383235,0.016966067864271458,0.016966067864271458,0.012974051896207584,0.013972055888223553,0.013972055888223553,0.017964071856287425,0.0249500998003992,0.01996007984031936,0.022954091816367265,0.0249500998003992,0.012974051896207584,0.023952095808383235,0.013972055888223553,0.01996007984031936,0.016966067864271458,0.028942115768463075,0.027944111776447105,0.017964071856287425,0.023952095808383235,0.021956087824351298,0.011976047904191617,0.011976047904191617,0.012974051896207584,0.015968063872255488,0.008982035928143712,0.00998003992015968,0.013972055888223553,0.006986027944111776,0.006986027944111776,0.00499001996007984,0.00499001996007984,0.003992015968063872,0.006986027944111776,0.003992015968063872,0.003992015968063872,0.001996007984031936,0.008982035928143712,0.001996007984031936,0.000998003992015968,,0.001996007984031936,,,,,,0.3650637880274779,0.02551521099116781,0.2728164867517174,0.3366045142296369,0.003925417075564278,0.1746810598626104,0.3326790971540726,0.3856722276741904,0.10206084396467124,0.0009813542688910696,0.009813542688910697,0.465161923454367,0.4661432777232581,0.004906771344455349,0.053974484789008834,0.012757605495583905,0.3434739941118744,0.05103042198233562,0.5829244357212954,0.009813542688910697,0.2492639842983317,0.007850834151128557,0.19627085377821393,0.22571148184494602,0.3209028459273798,,,,,,,,,,,,,,,,,,,,,,,,,,,,,,,,,,,,,,,,,,,,,,,,,,,,,,,,,,,,,,,,,,,0.001962708537782139,0.06575073601570167,0.37978410206084395,0.41315014720314036,0.13837095191364082,0.0009813542688910696,0.007850834151128557,0.35328753680078506,0.5966633954857704,0.0009813542688910696,0.04121687929342493,,,,,,,,,,,,,,,,,,,,,,,,,,,,,,,,,,,,,,,,,,,,,,,,,,,,,,,,,,,,,,,,,,,,,,,,0.33169774288518156,0.005888125613346418,0.004906771344455349,0.6074582924435721,0.050049067713444556,,,,,,,,0.0009813542688910696,0.3856722276741904,0.37389597644749756,0.2365063788027478,0.002944062806673209,,0.6162904808635917,0.021589793915603533,0.1069676153091266,0.0009813542688910696,0.25417075564278707,,,,,,,,,,,,,,,,,,,,,,,,,0.31293881644934807,0.07923771313941826,0.14042126379137412,0.13841524573721165,0.32898696088264795,,,,0.017664376840039256,0.02551521099116781,0.45142296368989204,0.49950932286555444,0.005888125613346418,0.005888125613346418,0.02845927379784102,0.3778213935230618,0.5848871442590775,0.002944062806673209,0.002369668246445498,0.0035545023696682463,0.001184834123222749,0.011848341232227487,0.2571090047393365,,0.001184834123222749,0.005924170616113744,0.004739336492890996,0.024881516587677725,,0.016587677725118485,0.005924170616113744,0.005924170616113744,0.02962085308056872,0.06753554502369669,0.02132701421800948,0.5035545023696683,0.03672985781990521,,,,,,,,,,,,
2021,0.011988011988011988,0.013986013986013986,0.011988011988011988,0.011988011988011988,0.003996003996003996,0.012987012987012988,0.007992007992007992,0.012987012987012988,0.008991008991008992,0.01098901098901099,0.016983016983016984,0.00999000999000999,0.014985014985014986,0.006993006993006993,0.00999000999000999,0.007992007992007992,0.01098901098901099,0.015984015984015984,0.006993006993006993,0.013986013986013986,0.011988011988011988,0.02197802197802198,0.02097902097902098,0.01098901098901099,0.013986013986013986,0.012987012987012988,0.003996003996003996,0.01898101898101898,0.011988011988011988,0.008991008991008992,0.015984015984015984,0.013986013986013986,0.014985014985014986,0.012987012987012988,0.011988011988011988,0.012987012987012988,0.02197802197802198,0.014985014985014986,0.011988011988011988,0.026973026973026972,0.011988011988011988,0.015984015984015984,0.026973026973026972,0.02097902097902098,0.02197802197802198,0.02197802197802198,0.014985014985014986,0.017982017982017984,0.023976023976023976,0.023976023976023976,0.028971028971028972,0.022977022977022976,0.027972027972027972,0.016983016983016984,0.012987012987012988,0.016983016983016984,0.013986013986013986,0.01898101898101898,0.01898101898101898,0.011988011988011988,0.00999000999000999,0.00999000999000999,0.011988011988011988,0.006993006993006993,0.007992007992007992,0.004995004995004995,0.004995004995004995,0.00999000999000999,0.005994005994005994,0.001998001998001998,0.003996003996003996,0.002997002997002997,0.001998001998001998,0.001998001998001998,0.000999000999000999,,,,0.000999000999000999,,,0.001998001998001998,0.3455445544554455,0.02277227722772277,0.27920792079207923,0.35247524752475246,,0.015841584158415842,0.48217821782178216,0.23465346534653464,0.26732673267326734,,0.00891089108910891,0.46633663366336636,0.4801980198019802,0.0029702970297029703,0.041584158415841586,0.009900990099009901,0.4405940594059406,0.053465346534653464,0.48415841584158414,0.011881188118811881,0.2871287128712871,0.0029702970297029703,0.21485148514851485,0.18118811881188118,0.31386138613861386,0.0009900990099009901,0.5099009900990099,0.22376237623762377,,0.26534653465346536,0.0029702970297029703,0.18415841584158416,0.49603960396039604,0.0009900990099009901,0.31584158415841584,0.005940594059405941,0.25544554455445545,0.42376237623762375,0.0009900990099009901,0.31386138613861386,0.0029702970297029703,0.39504950495049507,0.38415841584158417,,0.21782178217821782,0.0009900990099009901,0.1099009900990099,0.7207920792079208,,0.16831683168316833,0.0009900990099009901,0.17722772277227722,0.6297029702970297,,0.19207920792079208,0.0019801980198019802,0.00891089108910891,0.5,,0.4891089108910891,0.00891089108910891,0.5158415841584159,0.15346534653465346,0.0049504950495049506,0.31683168316831684,,,,,,,,,,,,,,,,,,,,,,,0.005940594059405941,0.5801980198019802,0.006930693069306931,0.4069306930693069,0.0019801980198019802,0.10792079207920792,0.3435643564356436,0.42574257425742573,0.1188118811881188,0.0019801980198019802,0.01089108910891089,0.42178217821782177,0.5138613861386139,,0.053465346534653464,,,,,,,,,,,,,,,,,,,,,,,,,,,,,,,,,,,,,,,,,,,,,,,,,,,,,,,,,,,,,,,,,,,,,,,,0.299009900990099,0.0019801980198019802,0.0009900990099009901,0.5287128712871287,0.16930693069306932,,,,,,,,0.0039603960396039604,0.4178217821782178,0.3574257425742574,0.2198019801980198,0.0009900990099009901,,0.5702970297029702,0.015841584158415842,0.1306930693069307,0.0019801980198019802,0.2811881188118812,,,,,,,,,,,,,,,,,,,,,,,,,0.3055276381909548,0.08743718592964825,0.15577889447236182,0.16884422110552763,0.28241206030150756,,,,0.0049504950495049506,0.013861386138613862,0.5287128712871287,0.4495049504950495,0.0029702970297029703,0.006930693069306931,0.015841584158415842,0.6435643564356436,0.3306930693069307,0.0029702970297029703,0.003694581280788177,0.003694581280788177,0.0024630541871921183,0.0024630541871921183,0.2623152709359606,,0.0024630541871921183,0.0049261083743842365,0.0012315270935960591,0.02832512315270936,,0.014778325123152709,0.013546798029556651,0.007389162561576354,0.0332512315270936,0.09852216748768473,0.0024630541871921183,0.4839901477832512,0.034482758620689655,,,,,,,,,,,,
2022,0.007035175879396985,0.010050251256281407,0.008040201005025126,0.009045226130653266,0.01306532663316583,0.01306532663316583,0.008040201005025126,0.016080402010050253,0.007035175879396985,0.020100502512562814,0.012060301507537688,0.011055276381909548,0.020100502512562814,0.006030150753768844,0.018090452261306532,0.009045226130653266,0.011055276381909548,0.010050251256281407,0.017085427135678392,0.009045226130653266,0.010050251256281407,0.011055276381909548,0.022110552763819097,0.010050251256281407,0.018090452261306532,0.012060301507537688,0.01507537688442211,0.018090452261306532,0.01407035175879397,0.016080402010050253,0.011055276381909548,0.01306532663316583,0.01507537688442211,0.018090452261306532,0.01407035175879397,0.01507537688442211,0.021105527638190954,0.008040201005025126,0.01306532663316583,0.019095477386934675,0.019095477386934675,0.008040201005025126,0.02512562814070352,0.020100502512562814,0.02914572864321608,0.011055276381909548,0.019095477386934675,0.020100502512562814,0.012060301507537688,0.020100502512562814,0.018090452261306532,0.02512562814070352,0.018090452261306532,0.019095477386934675,0.01507537688442211,0.01507537688442211,0.01306532663316583,0.03015075376884422,0.011055276381909548,0.007035175879396985,0.011055276381909548,0.01407035175879397,0.018090452261306532,0.012060301507537688,0.009045226130653266,0.005025125628140704,0.008040201005025126,0.008040201005025126,0.003015075376884422,0.0010050251256281408,0.003015075376884422,0.006030150753768844,0.0020100502512562816,0.004020100502512563,0.003015075376884422,0.0020100502512562816,0.0020100502512562816,,,0.0010050251256281408,,0.0020100502512562816,0.38839724680432647,0.01671583087512291,0.2704031465093412,0.32448377581120946,0.0009832841691248771,0.017699115044247787,0.3638151425762045,0.19075712881022616,0.4257620452310718,0.0009832841691248771,0.007866273352999017,0.21042281219272368,0.76007866273353,0.0029498525073746312,0.018682399213372666,0.008849557522123894,0.46214355948869223,0.04031465093411996,0.48279252704031467,0.0058997050147492625,0.24090462143559488,0.0058997050147492625,0.21238938053097345,0.2025565388397247,0.3382497541789577,,,,,,,,,,,,,,,,,,,,,,,,,,,,,,,0.00688298918387414,0.011799410029498525,0.4198623402163225,0.0029498525073746312,0.5585054080629301,0.0029498525073746312,0.4503441494591937,0.09734513274336283,0.003933136676499509,0.44542772861356933,0.024582104228121928,0.004916420845624385,0.49655850540806296,0.0058997050147492625,0.46017699115044247,0.007866273352999017,,,,,,,,,,,,,,,,,,,,,0.0009832841691248771,0.08947885939036382,0.3559488692232055,0.4139626352015733,0.1376597836774828,0.0019665683382497543,0.004916420845624385,0.36283185840707965,0.56047197640118,0.0019665683382497543,0.06981317600786627,,,,,,,,,,,,,,,,,,,,,,,,,,,,,,,,,,,,,,,,,,,,,,,,,,,,,,,,,,,,,,,,,,,,,,,,0.288102261553589,0.004916420845624385,0.0019665683382497543,0.49557522123893805,0.20943952802359883,,,,,,,,0.004916420845624385,0.4365781710914454,0.3421828908554572,0.2143559488692232,0.0019665683382497543,,0.5644051130776795,0.01966568338249754,0.13077679449360866,,0.28515240904621436,,,,,,,,0.011799410029498525,0.004916420845624385,0.31563421828908556,0.1887905604719764,0.26843657817109146,0.21042281219272368,,,,,,,,,,,,0.2865671641791045,0.08059701492537313,0.12736318407960198,0.18507462686567164,0.32039800995024875,,,,,,,,,,,,,,,0.004889975550122249,0.0012224938875305623,0.007334963325183374,0.2823960880195599,,0.0012224938875305623,0.0024449877750611247,0.0012224938875305623,0.035452322738386305,,0.02567237163814181,0.011002444987775062,0.009779951100244499,0.03300733496332518,0.10024449877750612,0.0024449877750611247,0.4474327628361858,0.034229828850855744,,,,,,,,,,,,
2023,0.01717171717171717,0.011111111111111112,0.011111111111111112,0.010101010101010102,0.015151515151515152,0.00808080808080808,0.012121212121212121,0.01616161616161616,0.011111111111111112,0.007070707070707071,0.012121212121212121,0.00909090909090909,0.011111111111111112,0.010101010101010102,0.015151515151515152,0.00808080808080808,0.011111111111111112,0.007070707070707071,0.012121212121212121,0.00404040404040404,0.01717171717171717,0.00808080808080808,0.014141414141414142,0.011111111111111112,0.011111111111111112,0.014141414141414142,0.011111111111111112,0.01717171717171717,0.012121212121212121,0.010101010101010102,0.00909090909090909,0.012121212121212121,0.023232323232323233,0.014141414141414142,0.015151515151515152,0.01818181818181818,0.01616161616161616,0.014141414141414142,0.01616161616161616,0.015151515151515152,0.022222222222222223,0.015151515151515152,0.025252525252525252,0.024242424242424242,0.01717171717171717,0.01818181818181818,0.015151515151515152,0.021212121212121213,0.021212121212121213,0.013131313131313131,0.015151515151515152,0.015151515151515152,0.026262626262626262,0.011111111111111112,0.022222222222222223,0.01717171717171717,0.01919191919191919,0.01919191919191919,0.015151515151515152,0.01818181818181818,0.012121212121212121,0.015151515151515152,0.021212121212121213,0.005050505050505051,0.00808080808080808,0.013131313131313131,0.007070707070707071,0.00909090909090909,0.010101010101010102,0.0030303030303030303,0.006060606060606061,0.007070707070707071,0.005050505050505051,0.00101010101010101,0.00202020202020202,0.00202020202020202,0.00101010101010101,0.00101010101010101,,,,,0.3736372646184341,0.031714568880079286,0.2606541129831516,0.333994053518335,,0.008919722497522299,0.39544103072348863,0.18136769078295342,0.4132804757185332,0.0009910802775024777,0.002973240832507433,0.26461843409316155,0.6818632309217046,0.003964321110009911,0.04658077304261645,0.003964321110009911,0.44103072348860256,0.044598612487611496,0.5044598612487612,0.005946481665014866,0.2537165510406343,0.009910802775024777,0.22101090188305253,0.21704658077304262,0.2983151635282458,,,,,,,,,,,,,,,,,,,,,,,,,,,,,,,,,,,,0.003964321110009911,0.5074331020812686,0.1278493557978196,0.005946481665014866,0.354806739345887,0.03468780971258672,0.0019821605550049554,0.4588701684836472,0.006937561942517344,0.49157581764122893,0.005946481665014866,,,,,,,,,,,,,,,,,,,,,,0.07135777998017839,0.36273538156590684,0.4360753221010902,0.12685827552031714,0.002973240832507433,0.007928642220019821,0.33201189296333,0.5887016848364718,0.003964321110009911,0.06739345887016848,,,,,,,,,,,,,,,,,,,,,,,,,,,,,,,,,,,,,,,,,,,,,,,,,,,,,,,,,,,,,,0.003964321110009911,0.26560951437066405,0.22794846382556988,0.003964321110009911,0.29038652130822595,0.20812685827552033,,,,,0.27254707631318137,0.004955401387512388,0.005946481665014866,0.5203171456888008,0.1962338949454906,,,,,,,,0.0019821605550049554,0.423191278493558,0.33102081268582756,0.24083250743310208,0.002973240832507433,,0.554013875123885,0.015857284440039643,0.1337958374628345,0.0009910802775024777,0.29534192269573833,,,,,,,,0.011892963330029732,0.0019821605550049554,0.3072348860257681,0.2130822596630327,0.27849355797819625,0.18731417244796827,,,,,,,,,,,,0.2777777777777778,0.10707070707070707,0.15656565656565657,0.1787878787878788,0.2797979797979798,,,,,,,,,,,,,,0.0036452004860267314,0.0036452004860267314,0.001215066828675577,0.00850546780072904,0.267314702308627,,0.0036452004860267314,0.004860267314702308,0.001215066828675577,0.03766707168894289,,0.024301336573511544,0.009720534629404616,0.002430133657351154,0.027946537059538274,0.0899149453219927,,0.46537059538274606,0.04860267314702309,0.021611001964636542,0.003929273084479371,0.5225933202357563,0.4263261296660118,0.0137524557956778,0.011787819253438114,,,,,,
2024,0.009036144578313253,0.013052208835341365,0.010040160642570281,0.007028112449799197,0.008032128514056224,0.006024096385542169,0.008032128514056224,0.009036144578313253,0.01104417670682731,0.010040160642570281,0.006024096385542169,0.006024096385542169,0.013052208835341365,0.012048192771084338,0.012048192771084338,0.007028112449799197,0.008032128514056224,0.013052208835341365,0.006024096385542169,0.009036144578313253,0.014056224899598393,0.012048192771084338,0.01104417670682731,0.012048192771084338,0.01606425702811245,0.018072289156626505,0.01104417670682731,0.015060240963855422,0.014056224899598393,0.012048192771084338,0.012048192771084338,0.01606425702811245,0.019076305220883535,0.008032128514056224,0.018072289156626505,0.010040160642570281,0.009036144578313253,0.020080321285140562,0.01104417670682731,0.009036144578313253,0.01606425702811245,0.015060240963855422,0.024096385542168676,0.020080321285140562,0.025100401606425703,0.02610441767068273,0.018072289156626505,0.03413654618473896,0.02710843373493976,0.02108433734939759,0.018072289156626505,0.02208835341365462,0.029116465863453816,0.018072289156626505,0.023092369477911646,0.019076305220883535,0.018072289156626505,0.03112449799196787,0.009036144578313253,0.015060240963855422,0.015060240963855422,0.015060240963855422,0.01606425702811245,0.010040160642570281,0.010040160642570281,0.010040160642570281,0.010040160642570281,0.010040160642570281,0.007028112449799197,0.004016064257028112,0.004016064257028112,0.001004016064257028,0.002008032128514056,0.001004016064257028,0.002008032128514056,,,,,0.001004016064257028,,,0.33267716535433073,0.012795275590551181,0.3061023622047244,0.3484251968503937,0.007874015748031496,0.05511811023622047,0.2992125984251969,0.2677165354330709,0.36811023622047245,0.001968503937007874,0.013779527559055118,0.3631889763779528,0.5797244094488189,0.001968503937007874,0.04133858267716536,0.03248031496062992,0.41929133858267714,0.04133858267716536,0.48326771653543305,0.023622047244094488,0.24114173228346455,0.004921259842519685,0.22244094488188976,0.24606299212598426,0.2854330708661417,,,,,,,,,,,,,,,,,,,,,,,,,,,,,,,,,,,,,,,,,0.022637795275590553,0.017716535433070866,0.45177165354330706,0.022637795275590553,0.46948818897637795,0.015748031496062992,,,,,,,,,,,,,,,,,,,,,0.003937007874015748,0.08661417322834646,0.375,0.4104330708661417,0.12106299212598425,0.002952755905511811,0.021653543307086614,0.3661417322834646,0.5482283464566929,0.00984251968503937,0.054133858267716536,,,,,,,,,,,,,,,,,,,,,,,,0.3110236220472441,0.46358267716535434,0.004921259842519685,0.0639763779527559,0.15551181102362205,0.000984251968503937,,,,,,,,,,,,,,,,,,,,,,,,,,,,,,,,,,,,,,,,,,,0.3001968503937008,0.021653543307086614,0.007874015748031496,0.4507874015748031,0.21948818897637795,,,,,,,,0.018700787401574805,0.4104330708661417,0.34744094488188976,0.21850393700787402,0.004921259842519685,0.002952755905511811,0.5206692913385826,0.02066929133858268,0.12007874015748031,0.001968503937007874,0.33366141732283466,,,,,,,,,,,,,,,,,,,,,,,,,0.27517447657028915,0.08175473579262213,0.16350947158524426,0.15154536390827517,0.32801595214356927,,,,,,,,,,,,,,0.0023952095808383233,,,0.008383233532934131,0.27664670658682633,0.0011976047904191617,0.011976047904191617,0.003592814371257485,0.0011976047904191617,0.023952095808383235,,0.017964071856287425,0.011976047904191617,0.004790419161676647,0.027544910179640718,0.08263473053892216,0.0023952095808383233,0.48862275449101794,0.03473053892215569,,,,,,,,,,,,
2025,0.0030581039755351682,0.007135575942915392,0.0050968399592252805,0.012232415902140673,0.011213047910295617,0.00815494393476045,0.0020387359836901123,0.00815494393476045,0.00815494393476045,0.017329255861365953,0.012232415902140673,0.012232415902140673,0.010193679918450561,0.007135575942915392,0.010193679918450561,0.011213047910295617,0.013251783893985729,0.0050968399592252805,0.009174311926605505,0.011213047910295617,0.0163098878695209,0.010193679918450561,0.01529051987767584,0.009174311926605505,0.007135575942915392,0.00815494393476045,0.010193679918450561,0.0163098878695209,0.010193679918450561,0.01529051987767584,0.017329255861365953,0.01529051987767584,0.01834862385321101,0.01529051987767584,0.014271151885830785,0.012232415902140673,0.014271151885830785,0.019367991845056064,0.017329255861365953,0.009174311926605505,0.017329255861365953,0.017329255861365953,0.02854230377166157,0.012232415902140673,0.024464831804281346,0.021406727828746176,0.01834862385321101,0.021406727828746176,0.021406727828746176,0.0254841997961264,0.020387359836901122,0.01529051987767584,0.027522935779816515,0.01529051987767584,0.020387359836901122,0.020387359836901122,0.026503567787971458,0.011213047910295617,0.017329255861365953,0.0254841997961264,0.0163098878695209,0.00815494393476045,0.014271151885830785,0.0163098878695209,0.01834862385321101,0.012232415902140673,0.011213047910295617,0.007135575942915392,0.007135575942915392,0.0061162079510703364,0.0030581039755351682,0.0061162079510703364,0.004077471967380225,0.0010193679918450561,0.0030581039755351682,0.0010193679918450561,0.0010193679918450561,,,,,,0.31137724550898205,0.005988023952095809,0.3473053892215569,0.33532934131736525,0.001996007984031936,0.018962075848303395,0.4251497005988024,0.21157684630738524,0.3413173652694611,0.000998003992015968,0.014970059880239521,0.35129740518962077,0.6007984031936128,0.003992015968063872,0.028942115768463075,0.028942115768463075,0.38323353293413176,0.03093812375249501,0.5399201596806387,0.016966067864271458,0.2654690618762475,0.00499001996007984,0.19161676646706588,0.2465069860279441,0.29141716566866266,,,,,,,,,,,,,,,,,,,,,,,,,,,,,,,,,,,,,,,,,,,,,,,,,,,,,,,,,,,,,,,,,,,0.006986027944111776,0.08982035928143713,0.3662674650698603,0.4031936127744511,0.13073852295409183,0.0029940119760479044,0.018962075848303395,0.3223552894211577,0.6187624750499002,0.007984031936127744,0.031936127744510975,,,,,,,,,,,,,,,,,,,,,,,,,,,,,,,,,,,,,,,,,,,,,,,,,,,,,,,,,,,,,,,,,,,,0.04291417165668663,0.4530938123752495,0.4930139720558882,0.010978043912175649,0.3023952095808383,0.012974051896207584,0.00499001996007984,0.5728542914171657,0.10678642714570859,,,,,,,,0.007984031936127744,0.38822355289421157,0.3812375249500998,0.21756487025948104,0.00499001996007984,,0.5459081836327345,0.016966067864271458,0.10079840319361277,0.001996007984031936,0.3343313373253493,,,,,,,,0.0249500998003992,0.006986027944111776,0.33532934131736525,0.18163672654690619,0.3193612774451098,0.1317365269461078,,,,,,,,,,,,0.3032128514056225,0.071285140562249,0.18674698795180722,0.15160642570281124,0.28714859437751006,,,,,,,,,,,,,,,0.002506265664160401,0.0012531328320802004,0.005012531328320802,0.2781954887218045,,0.002506265664160401,,,0.042606516290726815,,0.013784461152882205,0.006265664160401002,0.007518796992481203,0.03132832080200501,0.11528822055137844,,0.46115288220551376,0.03258145363408521,,,,,,,,,,,,
